CODE;CHAPITRE;SOUS-CHAPITRE;COEFFICIENT B;DATE CREATION;LIBELLE;ENTENTE PREALABLE;REMBOURSEMENT 100%;NBR MAXI DE CODE;NÂ° REGLE SPECIFIQUE;REF INDICATION MEDICALE;ACTES RESERVES;INITIATIVE BIOLOGISTE;CONTINGENCE TECHNIQUE;R.M.O.;EXAMEN SANGUIN;DERNIERE DATE EFFET;CODES INCOMPATIBLES
4084;0;0;500;22/10/2010;DETERMINATION PRENATALE DU SEXE FOETAL SANG MATERNEL;;1;1;;1;1;;3;;1;15/03/2011
9905;0;0;5;14/02/1997;COMPLEMENT A LA COTATION MINIMALE DE VALEUR B 5 (SANG);;;;;;;1;;;1;19/01/2010
9910;0;0;10;14/02/1997;COMPLEMENT A LA COTATION MINIMALE DE VALEUR B 10 (SANG);;;;;;;1;;;1;19/01/2010
9914;0;0;14;17/03/2017;COMPLEMENT A LA COTATION MINIMALE DE VALEUR B 14 (SANG);;;1;;;;1;;;1;01/04/2017
9915;0;0;15;14/02/1997;COMPLEMENT A LA COTATION MINIMALE DE VALEUR B 15 (SANG);;;;;;;1;;;1;19/01/2010
9916;0;0;1;23/12/2009;COMPLEMENT A LA COTATION MINIMALE DE VALEUR B 1 (SANG);;;;;;;1;;;1;19/01/2010
9917;0;0;2;23/12/2009;COMPLEMENT A LA COTATION MINIMALE DE VALEUR B 2 (SANG);;;;;;;1;;;1;19/01/2010
9918;0;0;3;23/12/2009;COMPLEMENT A LA COTATION MINIMALE DE VALEUR B 3 (SANG);;;;;;;1;;;1;19/01/2010
9919;0;0;4;23/12/2009;COMPLEMENT A LA COTATION MINIMALE DE VALEUR B 4 (SANG);;;;;;;1;;;1;19/01/2010
9920;0;0;6;23/12/2009;COMPLEMENT A LA COTATION MINIMALE DE VALEUR B 6 (SANG);;;;;;;1;;;1;19/01/2010
9921;0;0;7;23/12/2009;COMPLEMENT A LA COTATION MINIMALE DE VALEUR B 7 (SANG);;;;;;;1;;;1;19/01/2010
9922;0;0;8;23/12/2009;COMPLEMENT A LA COTATION MINIMALE DE VALEUR B 8 (SANG);;;;;;;1;;;1;19/01/2010
9923;0;0;9;23/12/2009;COMPLEMENT A LA COTATION MINIMALE DE VALEUR B 9 (SANG);;;;;;;1;;;1;19/01/2010
9924;0;0;11;23/12/2009;COMPLEMENT A LA COTATION MINIMALE DE VALEUR B 11 (SANG);;;;;;;1;;;1;19/01/2010
9925;0;0;12;23/12/2009;COMPLEMENT A LA COTATION MINIMALE DE VALEUR B 12 (SANG);;;;;;;1;;;1;19/01/2010
9926;0;0;13;23/12/2009;COMPLEMENT A LA COTATION MINIMALE DE VALEUR B 13 (SANG);;;;;;;1;;;1;19/01/2010
9105;0;0;5;04/07/2002;FORFAIT DE SECURITE POUR ECHANTILLON SANGUIN;;;;;;;1;;;1;11/11/2007
9106;0;0;8;04/07/2002;FORFAIT DE SECURITE POUR ECHANTILLONS BACTERIO, MYCO ET PARASITO;;;1;;;;1;;;;01/04/2017
9005;0;0;16;30/12/2008;FORFAIT DE PRISE EN CHARGE PRE-ANALYTIQUE DU PATIENT;;;1;;;;1;;;;20/04/2016
9001;0;0;26;01/01/1996;SUPPLEMENT POUR ACTES EN URGENCE NUIT;;;;;;;1;;;;13/04/2014
9004;0;0;26;07/02/2001;SUPPLEMENT POUR ACTES EN URGENCE (SAMEDI APRES 12H, DIMANCHE, FERIE);;;;;;;1;;;;13/04/2014
9107;0;0;8;04/07/2002;SUPPLEMENT POUR ACTES DE BIOLOGIE EFFECTUES EN ETABLISSEMENTS DE SOINS PRIVES;;;1;;;;1;;;;13/04/2014
0004;1;0;100;01/01/1996;HISTOPATH. BIOPSIES UNIQUES OU MULTIPLES NON INDIVIDUALISEES;;;;;;1;;;;;01/12/1998
0005;1;0;130;01/01/1996;HISTOPATH. BIOPSIES ETAGEES SUR MEME ORGANE ET INDIVIDUALISEES;;;;;;1;;4;;;01/12/1998
0006;1;0;120;01/01/1996;HISTOPATH. PIECE OPER. INTERESSANT UN ORGANE;;;;;;1;1;;;;01/12/1998
0007;1;0;120;01/01/1996;HISTOPATH. PRELEV. RESEC. OU CURETAGE ENDOSC. OU ENDOCAVIT.;;;;;;1;;;;;01/12/1998
0008;1;0;220;01/01/1996;HISTOPATH. PIECE OPER. COMPLEXE COMPORTANT PLUSIEURS ORGANES;;;;;;1;1;;;;01/12/1998
0012;1;0;300;01/01/1996;EX. EXTEMPORANE AVEC CONTROLE HISTOPATH. ULTERIEUR;;;1;;;1;;4;;;01/12/1998
0013;1;0;55;01/01/1996;CYTOPATH. GYNECOLOGIQUE UN OU PLUSIEURS PRELEVEMENTS (FROTTIS);;;1;;;1;;;1;;01/12/1998
0014;1;0;100;01/01/1996;CYTOPATH. LIQ. EPANCHEMENT, LAVAGE ALVEOLAIRE OU VESICAL, LCR;;;;;;1;;;;;01/12/1998
0015;1;0;120;01/01/1996;CYTOPATH. SUR PONCTION GANGLION, TUMEUR, ORGANE;;;;;;1;;;;;01/12/1998
0016;1;0;130;01/01/1996;CYTOPATH. SUR PONCTIONS PLUSIEURS ZONES DE VOISINAGE;;;;;;1;;4;;;01/12/1998
0017;1;0;200;01/01/1996;ANAPATH. : IMMUNOHISTOCHIMIE SUR COUPES EN PARAFFINE OU RESINE;;;;;;1;1;;1;;01/12/1998
0018;1;0;300;01/01/1996;ANAPATH. : IMMUNOHISTOCHIMIE SUR COUPES A CONGELATION;;;;;;1;1;;1;;01/12/1998
0023;1;0;200;23/09/2009;EXAMEN IMMUNOCYTOCHIMIQUE EN COMPLEMENT D'UN ACTE ACP (0014-0015);;;;;;1;1;3;;;26/09/2010
0024;1;0;135;23/09/2009;HPV : DETECTION DU GENOME (ADN) DES PAPILLOMAVIRUS HUMAINS ONCOGENES;;;1;;1;;;;;;26/09/2010
0025;1;0;500;23/09/2009;EXAMEN ANATOMOPATHOLOGIQUE PAR HYBRIDATION IN SITU;;;1;;1;1;1;;;;26/09/2010
0021;1;0;50;28/07/2005;MAJORATION PROVISOIRE CONVENTIONNELLE DE L'ACTE 0008 : LESIONS TUMORALES;;;;;;1;1;;;;03/10/2007
0022;1;0;100;04/10/2007;MAJORATION PROVISOIRE DE L'ACTE 0008 : LESIONS TUMORALES MALIGNES;;;;;;1;1;;;;04/10/2007
0040;2;0;850;01/01/1996;CARYOTYPE CONSTITUTIONNEL PRENATAL AVEC INCUBATION;1;1;1;;1;1;;7;;1;27/11/2009
0041;2;0;1250;01/01/1996;CARYOTYPE CONSTITUTIONNEL PRENATAL AVEC CULTURE;1;1;1;;1;1;;7;;;27/11/2009
0901;2;0;800;01/01/1996;CARYOTYPE CONSTITUTIONNEL POSTNATAL SANGUIN;;;1;;;1;;2;;1;30/12/2004
0902;2;0;1200;30/11/2004;CARYOTYPE CONSTITUTIONNEL POSTNATAL SUR FIBROBLASTES;;;1;;;1;;2;;;30/12/2004
0906;2;0;800;24/01/2007;CARYOTYPE ONCOLOGIQUE : SANG, MOELLE OU TISSUS AVEC CELLULES HEMATOPOIETIQUES;;;1;;1;1;;2;;1;30/04/2007
0907;2;0;1200;24/01/2007;CARYOTYPE ONCOLOGIQUE : TUMEUR SOLIDE;;;1;;1;1;;2;;;30/04/2007
0903;2;0;500;25/11/2004;HYBRIDATION SUR CHROMOSOMES METAPHASIQUES (UNE SONDE);;;1;;1;1;1;2;;1;30/04/2007
0904;2;0;1000;14/12/2004;HYBRIDATION SUR CHROMOSOMES METAPHASIQUES (DEUX OU PLUSIEURS SONDES);;;1;;1;1;1;2;;1;30/04/2007
0905;2;0;500;25/11/2004;HYBRIDATION SUR NOYAUX INTERPHASIQUES;;;1;;1;1;1;2;;1;30/04/2007
0059;3;1;200;25/01/2000;PREPARATION DES SPERMATOZOIDES EN VUE D'IIU (INSEMINATION INTRA-UTERINE);;;1;;1;1;;;;;28/02/2002
0060;3;1;1550;25/01/2000;FECONDATION IN VITRO SANS MICROMANIPULATION (FIV);;;1;;1;1;;;;;08/02/2009
0061;3;1;2600;25/01/2000;FECONDATION IN VITRO PAR MICROMANIPULATION (ICSI);;;1;;1;1;;;;;08/02/2009
0062;3;1;500;25/01/2000;PREPARATION DES SPERMATOZOIDES OBTENUS PAR PONCTION OU BIOPSIE EN VUE ICSI;;;1;;1;1;;;;;28/02/2002
0054;3;2;350;01/01/1996;CONGELATION D'EMBRYONS ( PAR CYCLE);;;1;;1;1;;;;;28/02/2002
0063;3;2;150;25/01/2000;DECONGELATION D'EMBRYON (PAR CYCLE) + CATHETER;;;1;;1;1;;;;;28/02/2002
0064;3;2;150;25/01/2000;CRYOCONSERVATION D'EMBRYON(S) (PAR CYCLE ET PAR ANNEE);;;1;;1;1;;;;;28/02/2002
0065;3;2;350;25/01/2000;CONGELATION DE SPERME... (PAR EJACULAT);;;1;;1;1;;;;;28/02/2002
0066;3;2;150;25/01/2000;CRYOCONSERVATION DE SPERME (PAR PATIENT, PAR ANNEE);;;1;;1;1;;;;;28/02/2002
0067;3;2;350;25/01/2000;CONGELATION DE SPERMATOZOIDES PRELEVES CHIRURGICALEMENT EN VUE ICSI(PAR PATIENT);;;1;;1;1;;;;;28/02/2002
0068;3;2;150;25/01/2000;CRYOCONSERVATION DE SPERMATOZOIDES PRELEVES CHIR EN VUE ICSI(PAR PATIENT, ANNEE);;;1;;1;1;;;;;28/02/2002
0070;4;0;110;01/01/1996;SPERMOGRAMME ET SPERMOCYTOGRAMME;;;1;;;;;5;1;;26/02/2000
0071;4;0;45;01/01/1996;TEST POST-COITAL (TPC) OU TEST DE HUHNER;;;1;;;;;5;1;;30/03/1997
0072;4;0;175;01/01/1996;EXPLORATION BIOCHIMIQUE DE LA FONCTION PROSTATO-VESICULAIRE;1;;1;;1;;;5;;;01/01/1996
0073;4;0;85;01/01/1996;EXPLORATION DE LA FONCTION EPIDIDYMAIRE;1;;1;;1;;;5;;;01/01/1996
0074;4;0;130;01/01/1996;ETUDE DE L'EJACULAT FRACTIONNE;1;;1;;1;;;5;;;01/01/1996
0075;4;0;120;01/01/1996;TEST DE MIGRATION-SURVIE DES SPERMATOZOIDES;1;;1;;1;1;;5;;;26/02/2000
0076;4;0;50;01/01/1996;RECHERCHE AC FIXES SUR LES SPERMATOZOIDES (HOMME);1;;1;;1;;;3;;;01/01/1996
0077;4;0;280;01/01/1996;RECHERCHES INDIRECTES D'AC ANTISPERMATOZOIDES (HOMME);1;;1;;1;;1;5;;1;01/01/1996
0078;4;0;120;01/01/1996;PENETRATION DU MUCUS CERVICAL : TEST CROISE;1;;1;;1;;;5;;;01/01/1996
0079;4;0;280;01/01/1996;RECHERCHE IMMUNISATION ANTISPERMATOZOIDES (FEMME);1;;1;;1;;;5;;1;01/01/1996
0080;4;0;110;01/01/1996;ETUDE D'UNE EJACULATION RETROGRADE;1;;1;;1;;;5;;;01/01/1996
0081;4;0;50;01/01/1996;COLORATION DES SPERMATOZOIDES AU BLEU D'ANILINE;1;;1;;1;;;5;;;01/01/1996
1101;5;1;100;01/01/1996;MYELOGRAMME(MEDULLOGR) ADENOGRAMME OU SPLENOGRAMME;;;1;;;;;;1;1;30/03/1997
1102;5;1;25;01/01/1996;ETUDE COMPLEMENTAIRE DE CYTOCHIMIE (MOELLE OU SANG);;;3;;;;1;1;;1;01/01/1996
1103;5;1;300;01/01/1996;PHENOTYPAGE DES CELLULES ANORMALES (MOELLE OU SANG);;;1;;1;;;2;;1;01/01/1996
1104;5;1;27;01/01/1996;HEMOGRAMME Y COMPRIS PLAQUETTES (NFS , NFP);;;1;;;;;5;1;1;01/04/2017
1105;5;1;100;01/01/1996;DIAGNOSTIC  HEMOPATHIE MALIGNE (MOELLE OU SANG);;;1;;1;;1;1;;1;01/01/1996
1106;5;1;50;01/01/1996;SUIVI HEMOPATHIE MALIGNE CONNUE (MOELLE OU SANG);;;1;;1;;1;1;;1;01/01/1996
1107;5;1;15;01/01/1996;PLAQUETTES (THROMBOCYTES) : ETUDE ISOLEE;;;1;;;;1;5;;1;18/06/2011
2108;5;1;7;14/02/1997;HEMATOCRITE (HTE);;;1;;;;;;;1;17/04/2013
1109;5;1;20;01/01/1996;RETICULOCYTES (RC) : NUMERATION;;;1;;;;;2;1;1;11/02/2011
1110;5;1;20;01/01/1996;CORPS DE HEINZ : RECHERCHE;;;1;;;;;4;;1;01/01/1996
1111;5;1;20;01/01/1996;DREPANOCYTES : RECHERCHE;;;1;;;;;;;1;01/01/1996
1112;5;1;30;01/01/1996;RESISTANCE GLOBULAIRE OSMOTIQUE;;;1;;;;;;;1;01/01/1996
1113;5;1;60;01/01/1996;ELECTROPHORESE DE L'HEMOGLOBINE (GEL POLYACRYLAMIDE);;;1;;;;;2;1;1;30/03/1997
1114;5;1;60;01/01/1996;ELECTROPHORESE DE L'HEMOGLOBINE (CITRATE AGAR);;;1;;;;;2;1;1;30/03/1997
1115;5;1;30;01/01/1996;TEST SOLUBILITE DE L'HEMOGLOBINE (ITANO , FALCIFORMATION);;;1;;;;;;;1;01/01/1996
1116;5;1;50;01/01/1996;TEST D'AUTO-HEMOLYSE;;;1;;;;;4;;1;01/01/1996
1117;5;1;20;01/01/1996;TEST A L'ISOPROPANOL (HEMOGLOBINE INSTABLE);;;1;;;;;;;1;01/01/1996
1118;5;1;20;01/01/1996;HEMOGLOBINE F : DOSAGE;;;1;;;;;;;1;01/01/1996
1119;5;1;80;01/01/1996;RECH. HEMOGLOBINURIE NOCTURNE PAROXYSTIQUE;;;1;;;;;4;;1;01/01/1996
1120;5;1;120;01/01/1996;RECH. ANOMALIE DE L'HEMOGLOBINE (3 TECHNIQUES MIN.);;;1;;;;;5;;1;01/01/1996
1124;5;1;7;01/01/1996;VITESSE DE SEDIMENTATION (VS);;;1;;;;;;;1;19/01/2010
1122;5;1;80;01/01/1996;LYMPHOCYTES HELPERS/SUPPRESSEURS (CD4, CD8, CD3 ...);;;1;;;1;;;;1;01/01/1996
1123;5;1;60;01/01/1996;PROTOPORPHYRINES ZINC (PPZ);;;1;;;;;;;1;01/01/1996
2109;5;1;70;24/01/2007;RECHERCHE QUANTIFICATION D'HEMATIES FOETALES - TEST DE KLEIHAUER;;;1;;;;;2;;1;30/04/2007
1011;5;2;100;11/06/2013;ETUDE FONCTIONS PLAQUETTAIRES (METHODE AGREGATION);;;5;;1;;;3;;1;11/07/2013
0192;5;2;50;01/01/1996;FACTEUR WILLEBRAND (DOSAGE FONCTIONNEL);;;1;;;;;3;;1;11/07/2013
1013;5;2;40;11/06/2013;FACTEUR WILLEBRAND (DOSAGE IMMUNOLOGIQUE);;;1;;1;;1;3;;1;11/07/2013
1128;5;2;50;01/01/1996;EXPLORATION DE BASE DE L'HEMOSTASE (TP + TCA + PLAQ.);;;1;;;;;6;;1;11/07/2013
0126;5;2;20;11/06/2003;TEMPS DE QUICK (TQ,TP) EN L'ABSENCE DE TRAITEMENT PAR AVK;;;1;;1;;1;2;1;1;11/07/2013
0127;5;2;20;11/06/2003;INR : TEMPS DE QUICK EN CAS DE TRAITEMENT PAR AVK;;;1;;1;;;2;;1;11/07/2013
1127;5;2;20;01/01/1996;TEMPS DE CEPHALINE + ACTIVATEUR (TCA);;;1;;;;1;2;;1;11/07/2013
0174;5;2;18;01/01/1996;FIBRINOGENE (FACTEUR I) : DOSAGE FONCTIONNEL;;;1;;;;1;2;1;1;13/04/2014
1014;5;2;25;11/06/2013;FACTEUR II (PROTHROMBINE)- DOSAGE ACTIVITE COAGULANTE;;;1;;;;1;2;;1;11/07/2013
1015;5;2;25;11/06/2013;FACTEUR V (PROACCELERINE)- DOSAGE ACTIVITE COAGULANTE;;;1;;;;1;2;;1;11/07/2013
1016;5;2;25;11/06/2013;FACTEUR VII (PROCONVERTINE) - DOSAGE ACTIVITE COAGULANTE;;;1;;;;1;2;;1;19/04/2016
1017;5;2;25;11/06/2013;FACTEUR X (FACTEUR STUART) - DOSAGE ACTIVITE COAGULANTE;;;1;;;;1;2;;1;19/04/2016
1032;5;2;25;11/06/2013;FACTEURS VII ET X - DOSAGE ACTIVITE COAGULANTE;;;1;;;;1;2;;1;11/07/2013
0178;5;2;50;01/01/1996;FACTEUR VIII (ANTIHEMOPHILIQUE A): DOSAGE ACTIVITE COAGULANTE;;;1;;;;1;2;;1;11/07/2013
0179;5;2;50;01/01/1996;FACTEUR IX (ANTIHEMOPHILIQUE B) : DOSAGE ACTIVITE COAGULANTE;;;1;;;;1;2;;1;11/07/2013
0180;5;2;50;01/01/1996;FACTEUR XI : DOSAGE ACTIVITE COAGULANTE;;;1;;;;1;2;;1;11/07/2013
0181;5;2;40;01/01/1996;FACTEUR XII : DOSAGE ACTIVITE COAGULANTE;;;1;;;;;2;;1;11/07/2013
0173;5;2;50;01/01/1996;FACTEUR XIII (FACTEUR DE STABILISATION DE LA FIBRINE): DOSAGE;;;1;;;;;2;;1;11/07/2013
1018;5;2;100;11/06/2013;INHIBITEUR ANTI-FACTEUR VIII OU ANTI-FACTEUR IX (RECHERCHE);;;1;;1;;1;2;;1;11/07/2013
1019;5;2;200;11/06/2013;INHIBITEUR ANTI-FACTEUR VIII OU ANTI-FACTEUR IX (TITRAGE);;;1;;;;1;2;;1;11/07/2013
0182;5;2;20;01/01/1996;ANTICOAGULANT CIRCULANT (DEPISTAGE) - CORRECTION TCA;;;1;;;;1;3;;1;11/07/2013
1020;5;2;200;11/06/2013;ANTICOAGULANT DE TYPE LUPIQUE (RECHERCHE ET IDENTIFICATION);;;1;;1;;;3;;1;11/07/2013
1021;5;2;30;11/06/2013;D DIMERES OU PDF (DETERMINATION SEMI QUANTITATIVE);;;1;;1;;;3;;1;11/07/2013
1022;5;2;60;11/06/2013;D DIMERES (DOSAGE);;;1;;1;;;3;;1;11/07/2013
0175;5;2;30;01/01/1996;TEMPS LYSE EUGLOBULINES;;;1;;;;;2;;1;11/07/2013
0186;5;2;30;01/01/1996;ACTIVITE ANTI-XA (DE L'HEPARINE OU D'UN DERIVE HEPARINIQUE);;;1;;;;;3;;1;11/07/2013
1024;5;2;150;11/06/2013;ANTICORPS ANTI-FACTEUR 4 PLAQUETTAIRE (PF4) - RECHERCHE;;;1;;1;;;2;;1;11/07/2013
0189;5;2;40;01/01/1996;ANTITHROMBINE (DOSAGE FONCTIONNEL);;;1;;1;;;3;1;1;11/07/2013
0188;5;2;40;01/01/1996;ANTITHROMBINE (DOSAGE IMMUNOLOGIQUE);;;1;;1;;1;3;1;1;11/07/2013
0190;5;2;50;01/01/1996;PROTEINE S (DOSAGE FONCTIONNEL);;;1;;1;;;3;;1;11/07/2013
1025;5;2;50;11/06/2013;PROTEINE S LIBRE ANTIGENE (DOSAGE IMMUNOLOGIQUE);;;1;;1;;1;3;;1;11/07/2013
1026;5;2;50;11/06/2013;PROTEINE S TOTALE (DOSAGE IMMUNOLOGIQUE);;;1;;1;;1;3;;1;11/07/2013
0191;5;2;50;01/01/1996;PROTEINE C (DOSAGE FONCTIONNEL);;;1;;1;;;3;;1;11/07/2013
1027;5;2;50;11/06/2013;PROTEINE C (DOSAGE IMMUNOLOGIQUE);;;1;;1;;1;3;;1;11/07/2013
1028;5;2;40;11/06/2013;FACTEUR I OU II OU V OU VII OU X : DOSAGE IMMUNOLOGIQUE;;;;;1;;;3;;1;11/07/2013
1029;5;2;100;11/06/2013;MUTATION G1691A DU GENE FACTEUR V (FACTEUR V LEIDEN);;;1;;1;1;;3;;1;11/07/2013
1030;5;2;100;11/06/2013;MUTATION G20210A DU GENE DE LA PROTHROMBINE;;;1;;1;1;;3;;1;11/07/2013
1031;5;2;150;11/06/2013;MUTATIONS G1691A DU GENE DU FV (FV LEIDEN) + G202010A DU GENE DU FII;;;1;;1;1;;3;;1;11/07/2013
1140;5;3;34;01/01/1996;GROUPAGE SANGUIN ABO-RH (D) (GS);;;2;;1;;1;6;1;1;20/04/2016
1145;5;3;34;01/01/1996;PHENOTYPES RH (C, C, E, E)  ET KELL (K);;;2;;1;;1;4;1;1;20/04/2016
1146;5;3;15;01/01/1996;AG ERYTHROC. (CW, KIDD, DUFFY, S, S ...) CHAQUE AG;;;5;;1;;1;;;1;01/01/1996
1141;5;3;39;01/01/1996;RAI : DEPISTAGE;;;;;;;1;6;1;1;13/04/2014
1131;5;3;65;01/07/1999;RAI : IDENTIFICATION;;;;;;;1;7;1;1;12/07/1999
1149;5;3;20;01/01/1996;RAI : TITRAGE D'UN ANTICORPS IDENTIFIE;;;;;;;1;;1;1;28/02/2002
1150;5;3;95;01/01/1996;RAI : DOSAGE PONDERAL D'UN ANTICORPS;;;;;;;1;;1;1;13/04/2014
1151;5;3;15;01/01/1996;AC IMMUNS DU SYSTEME ABO : DEPISTAGE ET TITRAGE;;;1;;1;;;;;1;01/01/1996
1152;5;3;35;01/01/1996;EPREUVE DIRECTE COMPATIBILITE POUR CHAQUE UNITE SANG;;;;;;;;4;;1;01/01/1996
1153;5;3;15;01/01/1996;TEST DIRECT DE COOMBS (ANTIGLOBULINE POLYVALENTE);;;1;;;;1;;;1;01/01/1996
1154;5;3;15;01/01/1996;TEST DIRECT DE COOMBS (ANTIGLOBULINE SPECIFIQUE);;;4;;;;1;;;1;01/01/1996
1155;5;3;20;01/01/1996;EPREUVE D'ELUTION D'ANTICORPS A PARTIR DE GR;;;1;;;;1;;;1;01/01/1996
1156;5;3;20;01/01/1996;EPREUVE D'ABSORPTION D'ANTICORPS SUR GR;;;;;;;1;;;1;11/07/1999
0160;5;3;200;01/01/1996;GROUPAGE PLAQUETTAIRE (PLA);;;;;1;;;6;;1;01/01/1996
0161;5;3;200;01/01/1996;GROUPAGE GRANULOCYTAIRE (NA, NB, NC, ND, NE);;;;;1;;;6;;1;01/01/1996
0162;5;3;100;01/01/1996;ANTICORPS ANTIPLAQUETTAIRES : DEPISTAGE;;;;;1;1;;2;;1;01/01/1996
0163;5;3;300;01/01/1996;ANTICORPS ANTIPLAQUETTAIRES : IDENTIFICATION;;;;;1;1;1;2;;1;01/01/1996
0164;5;3;100;01/01/1996;ANTICORPS ANTIGRANULOCYTAIRES : DEPISTAGE;;;;;1;1;;2;;1;01/01/1996
0165;5;3;300;01/01/1996;ANTICORPS ANTIGRANULOCYTAIRES : IDENTIFICATION;;;;;1;1;1;2;;1;01/01/1996
5201;6;1;65;30/07/1997;EX MICROBIO URINES (ECBU);;;1;;;;;7;1;;31/01/2012
5202;6;1;140;30/07/1997;EX MICROBIO SECRETIONS, ULCERATIONS, EXSUDATS (ANO) GENITAUX FEMME (PV);;;1;;;;;7;;;04/11/2011
5203;6;1;120;30/07/1997;EX MICROBIO SECRETIONS, ULCERATIONS, EXSUDATS (ANO) GENITAUX HOMME (P-URETHRAL),;;;1;;;;;7;;;04/11/2011
5204;6;1;220;30/07/1997;EX MICROBIO PRODUIT ORIGINE PELVIENNE OBTENU PAR COELIOSCOPIE;;;2;;;;;7;;;04/11/2011
5205;6;1;90;30/07/1997;EX MICROBIO DU SPERME;;;1;;;;;7;;;04/11/2011
5207;6;1;180;30/07/1997;EX MICROBIO MATIERES FECALES ET/OU PRELEVEMENT RECTAL;;;1;;;;;7;;;12/07/1999
5209;6;1;100;30/07/1997;EX MICROBIO DE LA SPHERE ORO-RHINO-PHARYNGEE;;;1;;;;;7;;;12/07/1999
5210;6;1;150;30/07/1997;EX MICROBIO SECRETIONS BRONCHO-PULMONAIRES ET EXPECTORATIONS;;;1;;;;;7;;;31/01/2012
5230;6;1;200;01/07/1999;EX MICROBIO PROD ASPIRATION BRONCHIQUE, BBP ET LBA;;;2;;;;;7;;;12/07/1999
5231;6;1;200;01/07/1999;EX MICROBIO DE LIQ DE PONCTION (LCR, ARTICULATION, PERITOINE, ...);;;;;;;;7;;;12/07/1999
5213;6;1;100;30/07/1997;EX MICROBIO P. OCULAIRE: CONJONCTIVITE BACTERIENNE;;;1;;;;;7;;;04/11/2011
5226;6;1;100;30/07/1997;EX MICROBIO P.OCULAIRE PAR OPHTALMO :LESIONS ULCEREUSES;;;2;;;;;7;;;12/07/1999
5218;6;1;150;30/07/1997;EX MICROBIO P. OCULAIRE (CORNEES, LENTILLES...) ACANTHAMOEBA;;;1;;;;;7;;;12/07/1999
5214;6;1;110;30/07/1997;EX MICROBIO PEAU, PHANERES;;;;;;;;7;;;12/07/1999
5215;6;1;120;30/07/1997;EX MICROBIO PLAIE, ECOULEMENT PURULENT, TISSU;;;;;;;;7;;;12/07/1999
5224;6;1;200;30/07/1997;EX MICROBIO PUS (COLLECTION FERMEE);;;;;;;;7;;;01/12/1998
5216;6;1;150;30/07/1997;EX MICROBIO PREL DIVERS : CATHET, CHAMBR IMPLANT, PROTHESE, VALVES;;;;;;;;7;;;01/12/1998
5222;6;1;120;30/07/1997;EX MICROBIO PREL DIVERS : MECHES (PAR SITE), REDON (PAR SITE), STERILET;;;;;;;;7;;;01/12/1998
5223;6;1;100;30/07/1997;EX MICROBIO PLACENTA, LOOCHIES;;;1;;;;;7;;;12/07/1999
5225;6;1;150;30/07/1997;EX MICROBIO PREL PLURI-ORIFICIELS NOUVEAU-NE;;;1;;;;;7;;;31/01/2012
5229;6;1;10;30/07/1997;INFECTION NOSOCOMIALE : COTATION SUPPLEMENTAIRE;;;1;;;;1;;;;12/07/1999
5219;6;1;80;01/07/1999;EX MICROBIO HEMOCULTURE QUALITATIVE;;;;;;;;7;;1;31/01/2012
5221;6;1;120;30/07/1997;EX MICROBIO HEMOCULTURE QUANTITATIVE;;;;;;;;7;;1;29/04/2007
0214;6;1;60;01/01/1996;BACTERIE AEROBIE OU MICROAEROPHILE NOMMEMENT DESIGNEE : RECH. ISOLEE;;;;;;;1;7;;;26/02/2000
0215;6;1;80;01/01/1996;BACTERIE ANAEROBIE NOMMEMENT DESIGNEE : RECH. ISOLEE;;;;;;;;7;;;30/07/1997
0218;6;2;15;01/01/1996;POLYNUCLEAIRES EOSINOPHILES DANS UNE SECRETION : RECH ISOLEE;;;;;;;;;;;30/07/1997
0219;6;2;15;01/01/1996;CULOT URINAIRE CYTOLOGIE URINES AVEC ETUDE DES CRISTAUX;;;1;;;;;4;;;30/07/1997
0220;6;2;25;01/01/1996;DEBIT URIN. HEMATIES ET LEUCOCYTES PAR MINUTE (ADDIS, H.L.M,CULOT URIN QUANT);;;1;;;;;4;;;30/07/1997
0221;6;2;25;01/01/1996;DEBIT URIN. HEMATIES ET LEUCOCYTES PAR MILLILITRE (CULOT URIN QUANT);;;1;;;;;4;;;30/07/1997
5291;6;2;60;30/07/1997;RECH ESPECE MICROBIENNE PAR IF (PNEUMOCYSTIS, LEGIONELLA...);;;;;;;;2;;;15/03/2011
5292;6;3;60;30/07/1997;IDENTIF BIOCHIMIQUE ET/OU ANTIGENIQUE D'UNE BACTERIE ANAEROBIE;;;;;;;1;2;;;12/10/1997
0236;6;3;50;01/01/1996;ISOL. ET/OU IDENTIF. D'UNE BACTERIE PAR POUVOIR PATHOGENE (ANIMAL);;;;;;;1;;;;30/07/1997
0237;6;3;50;01/01/1996;IDENTIF. D'UNE TOXINE BACTERIENNE PAR TECHN. IMMUNOLOGIQUE;;;;;;;1;2;;;11/02/2011
0238;6;3;100;01/01/1996;IDENTIF. D'UNE TOXINE BACTERIENNE : PAR POUVOIR PATHOGENE (ANIMAL);;;;;;;1;2;;;30/07/1997
0239;6;3;200;01/01/1996;TOXINOTYPIE BOTULIQUE;;;;;;1;1;;;;01/01/1996
5249;6;3;40;30/07/1997;SEROTYPAGE D'UNE ESPECE BACTERIENNE;;;;;;;1;;;;12/10/1997
5233;6;3;20;16/01/2002;HELICOBACTER PYLORI : RECUEIL DES DEUX ECHANTILLONS D'AIR EXPIRE;;;1;;1;;;;;;01/03/2002
5234;6;3;45;16/01/2002;HELICOBACTER PYLORI : ANALYSE DES DEUX ECHANTILLONS D'AIR EXPIRE;;;1;;1;;;5;;;11/02/2011
5235;6;3;90;25/01/2000;LEGIONELLA PNEUMOPHILA:RECH. ANTIGENE SOLUBLE UR PAR EIA;;;1;;;;;;;;19/01/2010
0240;6;3;30;01/01/1996;MYCOBACTERIES : EXAMEN MICROSCOPIQUE;;;;;;;1;2;;;01/01/1996
0241;6;3;40;01/01/1996;MYCOBACTERIES : CULT. D'ISOL SUR MILIEU SOLIDE (SAUF A PARTIR PRODUIT SOLIDE);;;;;;;1;2;;;30/07/1997
0242;6;3;60;01/01/1996;MYCOBACTERIES : CULT. D'ISOL SUR MILIEU SOLIDE A PARTIR D'UN PRODUIT SOLIDE;;;;;;;1;2;;;30/07/1997
1241;6;3;60;01/01/1996;MYCOBACTERIES : ISOLEMENT RAPIDE A PARTIR CRACHATS,TUBAGES,UR,LIQ..;;;;;;;1;2;;;13/08/1997
1242;6;3;80;01/01/1996;MYCOBACTERIES : ISOLEMENT RAPIDE A PARTIR ORGANE, SANG;;;;;;;1;2;;;12/10/1997
0243;6;3;40;01/01/1996;MYCOBACTERIES : IDENTIFICATION BIOCHIMIQUE DE MYCOBACTERIUM TUBERCULOSIS;;;;;;;1;2;;;11/08/1997
0244;6;3;100;01/01/1996;MYCOBACTERIES : IDENTIF. BIOCH AUTRE QUE MYCOBACTERIUM TUBERCULOSIS;;;;;;;1;2;;;30/07/1997
5284;6;3;150;30/07/1997;SPIROCHETES ISOLEMENT BORRELIA PAR CULTURE;;;;;;;;2;;;12/10/1997
0250;6;3;100;01/01/1996;RICKETTSIALES : EX. DIRECT ET ISOLEMENT;;;1;;;1;;;;;01/01/1996
5253;6;3;40;30/07/1997;MYCOPLASMES : CULTURES SUR MILIEUX SPECIAUX,NUMERATION,CARACTERISATION;;;1;;;;;4;;;12/10/1997
0252;6;4;50;01/01/1996;EX. MICROBIO. : ISOL ET/OU IDENT LEVURE AUTRE QUE C ALBICANS OU ESPECE FILAM;;;;;;;1;2;;;30/07/1997
0253;6;4;70;01/01/1996;EX. MYCO ISOLE : IDENTIF DE GENRE LEVURES ET CHAMPIGNONS FILAMENTEUX;;;;;;;;4;;;30/07/1997
0280;6;4;50;01/01/1996;EX. MYCO ISOLE : IDENTIF.D'ESPECE D'UN CHAMPIGNON AUTRE QUE C. ALBICANS;;;;;;;;4;;;30/07/1997
0254;6;4;15;01/01/1996;MALASSEZIA FURFUR (PITYRIASIS VERSICOLOR);;;;;;;;;;;30/07/1997
0255;6;4;100;01/01/1996;EX MYCO ISOLE CHAMPIGNON EXOTIQUE EX DIRECT ET CULTURE;;;;;;;;2;;;30/07/1997
0256;6;4;75;01/01/1996;EX MYCO ISOLE CHAMPIGNON EXOTIQUE SUR COUPE D'ORGANE;;;;;;;;2;;;30/07/1997
0257;6;4;500;01/01/1996;EX MYCO ISOLE CHAMPIGNON EXOTIQUE : INOCUL A ANIMAL ET RETROCULTURE;;;;;;;;2;;;30/07/1997
0286;6;5;95;01/01/1996;EX. PARASITO. DES SELLES AVEC 2 METHODES DE CONCENTRATION;;;1;;;;;7;;;30/07/1997
0287;6;5;60;01/01/1996;EX. PARASITO. DES SELLES AVEC 1 METHODE   DE CONCENTRATION;;;;;;;;7;;;30/07/1997
0259;6;5;50;01/01/1996;EX. PARASITO. SELLES EMISES AU LABO (PROTOZOAIRES);;;;;;;;7;;;30/07/1997
0288;6;5;145;01/01/1996;EX. PARASITO. SELLES EMISES AU LABO (0259 + 0286);;;1;;;;;7;;;30/07/1997
0289;6;5;50;01/01/1996;AMIBES : CULTURE SUR SELLES EMISES AU LABORATOIRE;;;;;;;1;7;;;30/07/1997
0290;6;5;60;01/01/1996;CRYPTOSPORIDIUM : RECH. SUR SELLES FRAICHEMENT EMISES;;;;;;;;7;;;30/07/1997
0262;6;5;50;01/01/1996;AMIBES : RECH. DANS MUCUS RECUEILLI SOUS RECTOSCOPIE;;;;;;;;6;;;30/07/1997
0263;6;5;10;01/01/1996;OEUFS D'HELMINTHES  :MARGE DE  L'ANUS (SCOTCH TEST);;;;;;;;2;;;30/07/1997
0264;6;5;25;01/01/1996;LARVES D'ANGUILLULES (BAERMANN) : RECHERCHE DANS SELLES;;;;;;;1;7;;;30/07/1997
0266;6;5;25;01/01/1996;OEUFS DE BILHARZIES : RECHERCHE;;;;;;;;;;;30/07/1997
0267;6;5;10;01/01/1996;PARASITES : RECH. ET/OU IDENTIF. PAR EX. MACRO. ET/OU MICRO.(DEMODEX);;;;;;;;2;;;30/07/1997
0268;6;5;30;01/01/1996;PARASITES : EX. DIRECT ET/OU ENRICHISSEMENT SAUF DANS SANG ET SELLES;;;;;;;;2;;;30/07/1997
1125;6;5;100;01/01/1996;HEMATOZOAIRES : RECHERCHE SUR FROTTIS ET EN GOUTTE EPAISSE;;;;;;;;2;;1;30/07/1997
1126;6;5;100;01/01/1996;PARASITES DU SANG AUTRES QUE HEMATOZOAIRES : RECHERCHE;;;;;;;;;;1;30/07/1997
0269;6;6;40;01/01/1996;ANTIBIOGRAMME BACTERIE AEROBIE (SAUF MYCOPLASME) (ATB);;;;;;;1;;;;01/01/1996
0270;6;6;60;01/01/1996;ANTIBIOGRAMME BACTERIE ANAEROBIE (SAUF MYCOPLASME) (ATB);;;;;;;1;;;;01/01/1996
0271;6;6;40;01/01/1996;ANTIBIOGRAMME CHAMPIGNON (FONGIGRAMME) (ATB , FG);;;;;;;1;4;;;12/10/1997
5278;6;6;50;30/07/1997;CMI BACTERIE AEROBIE;;;;;;;1;2;;;12/10/1997
5279;6;6;70;30/07/1997;CMI BACTERIE ANAEROBIE;;;;;;;1;2;;;12/10/1997
5280;6;6;50;30/07/1997;CMI LEVURES;;;;;;;1;2;;;12/10/1997
5290;6;6;50;30/07/1997;CMI STREPTOCOCCUS PNEUMONIAE;;;;;;;1;2;;;12/10/1997
0281;6;6;80;01/01/1996;CMI CHAMPIGNON FILAMENTEUX DE POUSSE LENTE;;;;;;;1;2;;;30/07/1997
0274;6;6;60;01/01/1996;MYCOBACTERIE : SENSIBILITE VIS A VIS D'UN ANTIBIO PAR ANTIBIO;;;5;;;;1;;;;30/07/1997
5293;6;6;70;30/07/1997;DOSAGE MICROBIO D'UN ANTIBIOTIQUE CHEZ LE MALADE;;;;;;;;;;;12/10/1997
5294;6;6;70;30/07/1997;ACTIVITE ANTIBIOTIQUE GLOBALE D'UN LIQUIDE BIOLOGIQUE;;;;;;;;;;;12/10/1997
0277;6;6;40;01/01/1996;POUVOIR BACTERICIDE DES ANTIBIOTIQUES ET ASSOC PAR ANTIBIOTIQUE;;;;;;;1;;;;30/07/1997
1200;7;2;40;01/08/2000;IGE TOTALES SERIQUES;;;1;;1;;;3;;1;11/02/2011
1201;7;2;51;01/08/2000;IGE SPEC. DEPISTAGE : RECH. PNEUMALLERGENES MELANGES;;;1;;1;;;3;;1;11/02/2011
1202;7;2;51;01/08/2000;IGE SPEC. DEPISTAGE : RECH. TROPHALLERGENES MELANGES;;;3;;1;;;3;;1;11/02/2011
1203;7;2;80;01/08/2000;IGE SPEC. : IDENTIF. ALLERGENES MULTIPLES SEPARES;;;1;;1;;;3;;1;28/01/2004
1204;7;2;51;01/08/2000;IGE SPEC. : IDENTIF. ALLERGENE UNIQUE (PNEUMALLERGENES);;;5;;1;;;3;;1;11/02/2011
1205;7;2;51;01/08/2000;IGE SPEC. : IDENTIF. ALLERGENE UNIQUE (TROPHALLERGENES);;;5;;1;;;3;;1;11/02/2011
0966;7;2;51;25/11/2003;IGE SPEC. : IDENTIF. ALLERGENE UNIQUE (LATEX);;;1;;1;;;3;;1;11/02/2011
0967;7;2;51;25/11/2003;IGE SPEC. : IDENTIF. ALLERGENE UNIQUE (VENINS D'HYMENOPTERES);;;5;;1;;;3;;1;11/02/2011
0968;7;2;51;25/11/2003;IGE SPEC. : IDENTIF. ALLERGENE UNIQUE (MEDICAMENTS);;;5;;1;;;3;;1;11/02/2011
0969;7;2;80;25/11/2003;TRYPTASE (SANG);;;1;;1;;;3;;1;19/01/2010
0823;7;2;100;30/07/1997;ECP (EOSINO CATIONIQUE PROTEINE);;;1;;1;;;3;;1;28/01/2004
1451;7;3;35;01/01/1996;MAI NSO:F. RHUMATOIDES GROUPE 1 : IG ANIMALES (WAALER-ROSE..);;;1;;1;;;7;;1;31/01/2012
1452;7;3;35;01/01/1996;MAI NSO : F. RHUMATOIDES GROUPE 2 : IG HUMAINES (LATEX, ...);;;1;;1;;;7;;1;31/01/2012
1453;7;3;40;01/01/1996;MAI NSO : AUTOAC ANTINUCLEAIRES (AAN) PAR IF SUR CELLULES HEP 2;;;1;;1;;;7;;1;01/01/1996
1454;7;3;40;01/01/1996;MAI NSO : AC ANTI-ADN NATIF PAR IFI SUR SANG;;;1;;1;;1;7;;1;27/03/1997
1554;7;3;40;14/02/1997;MAI NSO : AC ANTI-ADN NATIF PAR IFI SUR AUTRE LIQ BIOL QUE SANG;;;1;;1;;;7;;;27/03/1997
1455;7;3;70;01/01/1996;MAI NSO : AC ANTI-ADN NATIF PAR METH. MARQUEUR SUR SANG;;;1;;1;;1;7;;1;27/03/1997
1555;7;3;70;14/02/1997;MAI NSO : AC ANTI-ADN NATIF PAR METH. MARQUEUR SUR AUTRE LIQ BIOL QUE SANG;;;1;;1;;;7;;;27/03/1997
1456;7;3;40;01/01/1996;MAI NSO :  AC ANTIANTIGENES NUCLEAIRES SOLUBLES : DEPISTAGE;;;2;;1;;1;3;;1;01/01/1996
1457;7;3;70;01/01/1996;MAI NSO :  AC ANTIANTIGENES NUCLEAIRES SOLUBLES : TITRAGE;;;2;;;;1;3;;1;01/01/1996
1458;7;3;70;01/01/1996;MAI NSO : AC ANTI-ADN DENATURE : TITRAGE;;;1;;1;;1;3;;1;01/01/1996
1459;7;3;70;01/01/1996;MAI NSO : AC ANTIHISTONES : TITRAGE;;;1;;1;;1;3;;1;01/01/1996
1460;7;3;70;01/01/1996;MAI NSO : AUTOAC ANTIPHOSPHOLIPIDES (ANTICARDIOLIPINE, ...) : TITRAGE;;;3;;1;;1;3;;1;01/12/1998
1461;7;3;40;01/01/1996;MAI NSO : AUTOAC ANTIMITOCHONDRIES DE TYPE 5 PAR IFI : TITRAGE;;;1;;1;;1;3;;1;01/01/1996
1462;7;3;40;01/01/1996;MAI NSO : AUTOAC ANTICYTOPLASME DE PNN (ANCA) PAR IFI : TITRAGE;;;1;;1;;;3;;1;01/01/1996
1463;7;3;70;01/01/1996;MAI NSO : AUTOAC ANTICYTOPLASME DE PNN (ANCA) :T.MARQUEUR: SPECIFICITE;;;1;;1;;1;3;;1;01/01/1996
1827;7;3;60;05/11/2008;MAI NSO : AC ANTIPEPTIDES CYCLIQUES CITRULLINES (AC ANTI-CCP);;;1;;1;;;3;;1;25/12/2008
1180;7;3;380;01/01/1996;GROUPAGES TISSULAIRES : PHENOTYPE HLA CLASSE I;;;1;;1;1;;3;;1;08/02/2009
1181;7;3;700;01/01/1996;GROUPAGES TISSULAIRES : PHENOTYPE HLA CLASSE II;;;1;;1;1;;3;;1;01/01/1996
1183;7;3;70;30/07/1997;IMMUNCOMPLEXES CIRCULANTS (ICC, CIC) (SANG);;;1;;;;;3;;1;12/10/1997
1465;7;3;80;01/01/1996;HEPATOPATHIES : AUTOAC ANTITISSUS ET ANTINUCLEAIRES;;;1;;1;;;3;;1;01/01/1996
1466;7;3;40;01/01/1996;HEPATOPATHIES : AC ANTIMUSCLE LISSE : TITRAGE;;;1;;1;;;3;;1;01/01/1996
1467;7;3;40;01/01/1996;HEPATOPATHIES : AC ANTIMUSCLE LISSE : TYPAGE;;;1;;1;;1;7;;1;01/01/1996
1468;7;3;70;01/01/1996;HEPATOPATHIES : AC ANTIACTINE : TITRAGE PAR T. MARQUEUR;;;1;;1;;1;3;;1;01/01/1996
1469;7;3;40;01/01/1996;HEPATOPATHIES : AC ANTIMITOCHONDRIES : TITRAGE PAR IFI;;;1;;1;;;3;;1;01/01/1996
1470;7;3;70;01/01/1996;HEPATOPATHIES : AC ANTIMITOCHONDRIES : TITRAGE PAR T. MARQUEUR;;;1;;1;;;3;;1;01/01/1996
1471;7;3;180;01/01/1996;HEPATOPATHIES : AC ANTIMITOCHONDRIES : TYPAGE PAR IMMUNOBLOT;;;1;;1;;1;3;;1;01/01/1996
1472;7;3;40;01/01/1996;HEPATOPATHIES : AC ANTIRETICULUM ENDOPLASMIQUE (LKM, ANTICYTOSOL);;;1;;1;;1;3;;1;01/01/1996
1473;7;3;70;01/01/1996;HEPATOPATHIES : AUTOAC ANTIMEMBRANE NUCLEAIRE : IDENT. CIBLES;;;2;;1;;1;3;;1;01/01/1996
1828;7;3;60;05/11/2008;M. COELIAQUE : AUTOANTICORPS ANTITRANSGLUTAMINASE (IGA);;;1;;1;;;3;;1;25/12/2008
1829;7;3;60;05/11/2008;M. COELIAQUE : AUTOANTICORPS ANTITRANSGLUTAMINASE (IGG);;;1;;1;;;3;;1;25/12/2008
1830;7;3;40;05/11/2008;M. COELIAQUE : AUTOANTICORPS ANTIENDOMYSIUM (IGA);;;1;;1;;;3;;1;25/12/2008
1831;7;3;40;05/11/2008;M. COELIAQUE : AUTOANTICORPS ANTIENDOMYSIUM (IGG);;;1;;1;;;3;;1;25/12/2008
1478;7;3;100;01/01/1996;THROMBOPENIES : TEST DIRECT  MISE EN EVIDENCE IG ASSOC. AUX PLAQ. (DIXON, ...);;;1;;1;;;7;;1;01/01/1996
1479;7;3;100;01/01/1996;THROMBOPENIES : AUTOAC ANTIPLAQ.  : IDENT. CIBLE IMMUNOCAPTURE MAIPA;;;3;;1;;1;3;;1;01/01/1996
1480;7;3;180;01/01/1996;THROMBOPENIES : AUTOAC ANTIPLAQ.  : IDENT. CIBLE IMMUNOBLOT;;;1;;1;;1;3;;1;01/01/1996
1481;7;3;40;01/01/1996;D.I.D. : AC ANTICELLULES D'ILOTS DE LANGERHANS : TITRAGE PAR IFI;;;1;;1;;;3;;1;28/01/2004
1800;7;3;120;26/11/2003;DID : ANTICORPS ANTI-IA2;;;1;;1;;;3;;1;28/01/2004
1482;7;3;150;01/01/1996;D.I.D. : AUTOANTICORPS ANTI-INSULINE;;;1;;1;;;3;;1;28/01/2004
7890;7;3;120;30/07/1997;DID : ANTICORPS ANTI GAD;;;1;;1;;;3;;1;28/01/2004
1483;7;3;40;01/01/1996;THYROIDE  : AUTOAC ANTITHYROGLOBULINE PAR HEMAGGLUTINATION;;;1;;1;;;3;;1;01/01/1996
1484;7;3;65;01/01/1996;THYROIDE  : AUTOAC ANTITHYROGLOBULINE PAR METH MARQUEUR;;;1;;1;;;3;;1;11/11/2007
1485;7;3;40;01/01/1996;THYROIDE : AUTOAC ANTIMICROSOMES THYROIDIENS PAR  HEMAGGLUTINATION;;;1;;1;;;3;;1;01/01/1996
1486;7;3;40;01/01/1996;THYROIDE : AUTOAC ANTIMICROSOMES THYROIDIENS PAR IFI;;;1;;1;;;3;;1;01/01/1996
1487;7;3;64;01/01/1996;THYROIDE : AUTOAC ANTITHYROPEROXYDASE PAR METH MARQUEUR;;;1;;1;;;3;;1;01/04/2017
1488;7;3;100;01/01/1996;THYROIDE : AUTOAC ANTIRECEPTEURS DE TSH;;;1;;1;;;3;;1;01/04/2017
1489;7;3;40;01/01/1996;SURRENALES : AUTOAC ANTISURRENALE PAR IFI;;;1;;1;;;3;;1;01/01/1996
1490;7;3;40;01/01/1996;TRACTUS DIGESTIF : AUTOAC ANTICELLULES PARIETALES DE L'ESTOMAC PAR IFI;;;1;;1;;;3;;1;01/01/1996
1491;7;3;70;01/01/1996;TRACTUS DIGESTIF : AUTOAC ANTIFACTEUR INTRINSEQUE PAR METH MARQUEUR;;;1;;1;;;3;;1;01/01/1996
1492;7;3;100;01/01/1996;SYSTEME NERVEUX : AUTOAC ANTIRECEPTEURS DE L'ACETYLCHOLINE;;;1;;1;;;3;;1;01/01/1996
1493;7;3;40;01/01/1996;MAI : AUTOAC ANTIMEMBRANE BASALE D'EPITH. MALPIGHIEN;;;1;;1;;;3;;1;01/01/1996
1494;7;3;40;01/01/1996;MAI : AUTOAC ANTISUBSTANCE INTERCELL. D'EPITH. MALPIGHIEN PAR IFI;;;1;;1;;;3;;1;01/01/1996
1495;7;3;40;01/01/1996;MAI : AUTOAC CELLULES PRODUCTRICES DE STEROIDES PAR IFI;;;1;;1;;;3;;1;01/01/1996
1496;7;3;40;01/01/1996;MAI : AUTOAC ANTIMEMB. BASALE GLOMERUL. PAR IFI;;;1;;1;;;3;;1;01/01/1996
1497;7;3;70;01/01/1996;MAI : AUTOAC ANTIMEMB. BASALE GLOMERUL. PAR METH MARQUEUR;;;1;;1;;;3;;1;01/01/1996
1498;7;3;40;01/01/1996;MAI : AUTOAC SPECIF. D'AUTRES ORGANES PAR IFI;;;;;1;;;3;;1;01/12/1998
1301;7;4;60;01/01/1996;BORRELIOSE (LYME) : SD DE DEPISTAGE;;;2;;;;;7;;1;07/02/2009
1302;7;4;150;01/01/1996;BORRELIOSE (LYME) : SD DE CONTROLE;;;1;;;;1;7;;1;11/02/2011
1305;7;4;45;01/01/1996;BRUCELLOSES : SD (WRIGHT, ROSE BENGALE);;;1;;;;;7;;1;11/12/2005
1308;7;4;60;01/01/1996;INF. PULMONAIRES A CHLAMYDIA PNEUMONIAE : SD;;;1;;;;;7;;1;11/12/2005
3308;7;4;90;01/01/1996;INF. PULMONAIRES A CHLAMYDIA PNEUMONIAE : SD + ITERATIF;;;1;;;;;7;;1;11/12/2005
1309;7;4;60;01/01/1996;INF. PULMONAIRES A CHLAMYDIA PSITTACI : SD;;;1;;;;;7;;1;11/12/2005
3309;7;4;90;01/01/1996;INF. PULMONAIRES A CHLAMYDIA PSITTACI : SD + ITERATIF;;;1;;;;;7;;1;11/12/2005
1310;7;4;30;01/01/1996;INF. A CAMPYLOBACTER : SD;;;1;;;;;7;;1;11/12/2005
3310;7;4;45;01/01/1996;INF. A CAMPYLOBACTER : SD + ITERATIF;;;1;;;;;7;;1;11/12/2005
1311;7;4;60;01/01/1996;INF. A HELICOBACTER PYLORI : SD;;;1;;;;;7;;1;11/12/2005
3311;7;4;90;20/09/2005;INF. A HELICOBACTER PYLORI : SD + ITERATIF;;;1;;;;;7;;1;11/12/2005
1336;7;4;60;01/01/1996;LEGIONELLOSES : SD DE DEPISTAGE;;;1;;;;;7;;1;11/12/2005
1337;7;4;120;01/01/1996;LEGIONELLOSES : SD : TITRAGE AVEC 6 AG ET PLUS;;;1;;1;;;7;;1;11/12/2005
3337;7;4;180;20/09/2005;LEGIONELLOSES : SD : TITRAGE AVEC 6 AG ET PLUS + ITERATIF;;;1;;;;1;7;;1;11/12/2005
1313;7;4;30;01/01/1996;MYCOPLASMOSES RESPIRATOIRES : SD : AC TOTAUX;;;1;;;;;7;;1;11/12/2005
3313;7;4;45;01/01/1996;MYCOPLASMOSES RESPIRATOIRES : SD : AC TOTAUX + ITERATIF;;;1;;;;;7;;1;11/12/2005
1246;7;4;50;20/09/2005;MYCOPLASMOSES RESPIRATOIRES : SD : IGG;;;1;;;;;7;;1;19/01/2010
3246;7;4;90;20/09/2005;MYCOPLASMOSES RESPIRATOIRES : SD : IGG + ITERATIF;;;1;;;;;7;;1;11/12/2005
1247;7;4;50;20/09/2005;MYCOPLASMOSES RESPIRATOIRES : SD : IGM;;;1;;1;;1;7;;1;19/01/2010
3247;7;4;90;20/09/2005;MYCOPLASMOSES RESPIRATOIRES : SD : IGM + ITERATIF;;;1;;1;;1;7;;1;11/12/2005
1316;7;4;40;01/01/1996;FIEVRE Q (COXIELLA BURNETTI) : SD DE DEPISTAGE;;;1;;;;;7;;1;11/12/2005
1248;7;4;60;20/09/2005;FIEVRE Q (COXIELLA BURNETTI) : SD : TITRAGE AG PHASE II;;;1;;;;1;7;;1;11/12/2005
3248;7;4;90;20/09/2005;FIEVRE Q (COXIELLA BURNETTI) : SD : TITRAGE AG PHASE II + ITERATIF;;;1;;;;1;7;;1;11/12/2005
1249;7;4;120;20/09/2005;FIEVRE Q CHRONIQUE (COXIELLA BURNETTI) : SD : IGG ET IGA;;;1;;;;;7;;1;11/12/2005
3249;7;4;180;20/09/2005;FIEVRE Q CHRONIQUE (COXIELLA BURNETTI) : SD : IGG ET IGA + ITERATIF;;;1;;;;;7;;1;11/12/2005
1317;7;4;40;01/01/1996;RICKETTSIOSES (RICKETTSIA CONORII, RICKETTSIA TYPHI) : SD DE DEPISTAGE;;;1;;;;;7;;1;11/12/2005
1318;7;4;60;01/01/1996;RICKETTSIOSES (RICKETTSIA CONORII, RICKETTSIA TYPHI) : SD : TITRAGE;;;1;;;;1;7;;1;11/12/2005
3318;7;4;90;01/01/1996;RICKETTSIOSES (RICKETTSIA CONORII, RICKETTSIA TYPHI) : SD : TITRAGE + ITERATIF;;;1;;;;1;7;;1;11/12/2005
1319;7;4;40;01/01/1996;SALMONELLOSES : SD (TAB OU WIDAL ET FELIX);;;1;;;;;7;;1;11/12/2005
1323;7;4;20;01/01/1996;STREPTOCOCCIES : UNE ANTI-ENZYME STREPTOCOCCIQUE;;;1;;;;;7;;1;11/02/2011
1324;7;4;40;01/01/1996;STREPTOCOCCIES : ANTI-ENZYMES STREPTOCOCCIQUES (2 OU PLUSIEURS);;;1;;;;;7;;1;11/02/2011
1326;7;4;20;01/01/1996;SYPHILIS : SD DE DEPISTAGE;;;1;;;;;7;1;1;11/12/2005
1327;7;4;30;01/01/1996;SYPHILIS : SD : TITRAGES;;;1;;;;1;7;;1;11/02/2011
1250;7;4;180;20/09/2005;SYPHILIS : SD : CONFIRMATION IGG;;;1;;;;1;7;;1;11/12/2005
1330;7;4;60;01/01/1996;SYPHILIS : SD : RECH. DES IGM;;;1;;;;;7;;1;11/12/2005
1251;7;4;180;20/09/2005;SYPHILIS : SD : CONFIRMATION IGM;;;1;;;;1;7;;1;11/12/2005
1331;7;4;40;01/01/1996;MALADIE DES GRIFFES DU CHAT (BARTONELLOSES) : SD DE DEPISTAGE;;;1;;;;;7;;1;11/12/2005
1252;7;4;60;20/09/2005;MALADIE DES GRIFFES DU CHAT (BARTONELLOSES) : SD : TITRAGE;;;1;;;;1;7;;1;11/12/2005
3252;7;4;90;20/09/2005;MALADIE DES GRIFFES DU CHAT (BARTONELLOSES) : SD : TITRAGE + ITERATIF;;;1;;;;1;7;;1;11/12/2005
1332;7;4;50;01/01/1996;TETANOS : SD;;;1;;;;;7;;1;11/02/2011
1333;7;4;40;01/01/1996;TULAREMIE : SD;;;1;;;;;7;;1;11/12/2005
1334;7;4;30;01/01/1996;YERSINIOSES : SD (1 AG);;;1;;;;;7;;1;11/12/2005
1335;7;4;90;01/01/1996;YERSINIOSES : SD (3 AG ET +);;;1;;;;;7;;1;11/12/2005
4301;7;5;90;01/01/1996;AMIBIASE : SD DE DEPISTAGE PAR 2 TECHN.;;;1;;;;;7;;1;01/01/1996
4302;7;5;90;01/01/1996;AMIBIASE : SD DE CONFIRMATION PAR COES;;;1;;;;1;7;;1;01/01/1996
4303;7;5;120;01/01/1996;AMIBIASE : SD DE CONFIRMATION PAR IELP;;;1;;;;1;7;;1;01/01/1996
6301;7;5;68;01/01/1996;AMIBIASE : SUIVI DU SD DE DEPISTAGE PAR 1 TECHN. + ITERATIF;;;1;;;;;7;;1;01/01/1996
4304;7;5;90;01/01/1996;ANISAKIASE : SD DE DEPISTAGE PAR 2 TECHN.;;;1;;;;;7;;1;01/01/1996
4305;7;5;120;01/01/1996;ANISAKIASE : SD DE CONFIRMATION PAR IELP;;;1;;;;1;7;;1;01/01/1996
4306;7;5;180;01/01/1996;ANISAKIASE : SD DE CONFIRMATION PAR IE;;;1;;;;1;7;;1;01/01/1996
4307;7;5;50;01/01/1996;ASPERGILLOSE : SD DE DEPISTAGE;;;2;;;;;7;;1;01/01/1996
4308;7;5;90;01/01/1996;ASPERGILLOSE : SD DE CONFIRMATION PAR COES;;;2;;;;1;7;;1;01/01/1996
4309;7;5;120;01/01/1996;ASPERGILLOSE : SD DE CONFIRMATION PAR IELP;;;2;;;;1;7;;1;01/01/1996
4310;7;5;180;01/01/1996;ASPERGILLOSE : SD DE CONFIRMATION PAR IE;;;2;;;;1;7;;1;01/01/1996
4311;7;5;50;01/01/1996;ASPERGILLOSE : RECHERCHE ANTIGENES SOLUBLES;;;1;;;;;7;;1;01/01/1996
6307;7;5;75;01/01/1996;ASPERGILLOSE : SUIVI DU SD DE DEPISTAGE + ITERATIF;;;2;;;;;7;;1;01/01/1996
4312;7;5;50;01/01/1996;CANDIDOSE : SD DE DEPISTAGE PAR 1 TECHN.;;;1;;;;;7;;1;01/01/1996
4313;7;5;90;01/01/1996;CANDIDOSE SYSTEMIQUE :SD DE DEPISTAGE PAR 2 TECHNIQUES;;;1;;;;;7;;1;01/01/1996
4314;7;5;90;01/01/1996;CANDIDOSE : SD DE CONFIRMATION PAR COES;;;2;;;;1;7;;1;01/01/1996
4315;7;5;120;01/01/1996;CANDIDOSE : SD DE CONFIRMATION PAR IELP;;;2;;;;1;7;;1;01/01/1996
4316;7;5;180;01/01/1996;CANDIDOSE : SD DE CONFIRMATION PAR IE;;;2;;;;1;7;;1;01/01/1996
4317;7;5;30;01/01/1996;CANDIDOSE : RECHERCHE ANTIGENES SOLUBLES;;;1;;;;;7;;1;01/01/1996
6312;7;5;75;01/01/1996;CANDIDOSE : SUIVI DU SD DE DEPISTAGE PAR 1 TECHN. + ITERATIF;;;1;;;;;7;;1;01/01/1996
4318;7;5;50;01/01/1996;CRYPTOCOCCOSE : ANTIGENES SOLUBLES : RECHERCHE;;;1;;;;;7;;1;01/01/1996
4319;7;5;75;01/01/1996;CRYPTOCOCCOSE : ANTIGENES SOLUBLES : TITRAGE;;;1;;;;1;7;;1;01/01/1996
6319;7;5;113;01/01/1996;CRYPTOCOCCOSE : SUIVI DU TITRAGE ANTIGENES SOLUBLES + ITERATIF;;;1;;;;;;;1;01/01/1996
4321;7;5;90;01/01/1996;CYSTICERCOSE : SD DE DEPISTAGE PAR 2 TECHN.;;;1;;;;;7;;1;01/01/1996
4322;7;5;120;01/01/1996;CYSTICERCOSE : SD DE CONFIRMATION PAR IELP;;;1;;;;1;7;;1;01/01/1996
4323;7;5;180;01/01/1996;CYSTICERCOSE : SD DE CONFIRMATION PAR IE;;;1;;;;1;7;;1;01/01/1996
6321;7;5;68;01/01/1996;CYSTICERCOSE : SUIVI DU SD DE DEPISTAGE PAR 1 TECHN. + ITERATIF;;;1;;;;;7;;1;01/01/1996
4324;7;5;80;01/01/1996;DISTOMATOSE : SD DE DEPISTAGE PAR 2 TECHN.;;;1;;;;;7;;1;01/01/1996
4325;7;5;90;01/01/1996;DISTOMATOSE : SD DE CONFIRMATION PAR COES;;;1;;;;1;7;;1;01/01/1996
4326;7;5;120;01/01/1996;DISTOMATOSE : SD DE CONFIRMATION PAR IELP;;;1;;;;1;7;;1;01/01/1996
4327;7;5;180;01/01/1996;DISTOMATOSE : SD DE CONFIRMATION PAR IE;;;1;;;;1;7;;1;01/01/1996
6324;7;5;60;01/01/1996;DISTOMATOSE : SUIVI DU SD DE DEPISTAGE PAR 1 TECHN. + ITERATIF;;;1;;;;;7;;1;01/01/1996
4328;7;5;90;01/01/1996;ECHINOCOCCOSES (KYSTE HYDATIQUE, ...) : SD DE DEPISTAGE PAR 2 TECHN.;;;1;;;;;7;;1;01/01/1996
4329;7;5;90;01/01/1996;ECHINOCOCCOSES (KYSTE HYDATIQUE, ...) : SD DE CONFIRMATION PAR COES;;;1;;;;1;7;;1;01/01/1996
4330;7;5;120;01/01/1996;ECHINOCOCCOSES  (KYSTE HYDATIQUE, ...) : SD DE CONFIRMATION PAR IELP;;;1;;;;1;7;;1;01/01/1996
4331;7;5;180;01/01/1996;ECHINOCOCCOSES  (KYSTE HYDATIQUE, ...) : SD DE CONFIRMATION PAR IE;;;1;;;;1;7;;1;01/01/1996
6328;7;5;68;01/01/1996;ECHINOCOCCOSES  (KYSTE HYDATIQUE, ...) : SUIVI DU SD DE DEPIST. PAR 1 TECHN. + I;;;1;;;;;7;;1;01/01/1996
4332;7;5;90;01/01/1996;FILARIOSE : SD DE DEPISTAGE PAR 2 TECHN.;;;1;;;;;7;;1;01/01/1996
4333;7;5;90;01/01/1996;FILARIOSE : SD DE CONFIRMATION PAR COES;;;1;;;;1;7;;1;01/01/1996
4334;7;5;120;01/01/1996;FILARIOSE : SD DE CONFIRMATION PAR IELP;;;1;;;;1;7;;1;01/01/1996
4335;7;5;180;01/01/1996;FILARIOSE : SD DE CONFIRMATION PAR IE;;;1;;;;1;7;;1;01/01/1996
6332;7;5;68;01/01/1996;FILARIOSE : SUIVI DU SD DE DEPISTAGE PAR 1 TECHN. + ITERATIF;;;1;;;;;7;;1;01/01/1996
4336;7;5;50;01/01/1996;HISTOPLASMOSE : SD DE DEPISTAGE;;;1;;;;;7;;1;01/01/1996
4337;7;5;120;01/01/1996;HISTOPLASMOSE : SD DE CONFIRMATION PAR IELP;;;1;;;;1;7;;1;01/01/1996
4338;7;5;90;01/01/1996;HYPODERMOSE : SD DE DEPISTAGE PAR 2 TECHN.;;;1;;;;;7;;1;01/01/1996
4339;7;5;120;01/01/1996;HYPODERMOSE : SD DE CONFIRMATION PAR IELP;;;1;;;;1;7;;1;01/01/1996
4340;7;5;90;01/01/1996;LARVA MIGRANS : TOXOCAROSE : SD DE DEPISTAGE PAR 2 TECHN.;;;1;;;;;7;;1;01/01/1996
4341;7;5;90;01/01/1996;LARVA MIGRANS : TOXOCAROSE : SD DE CONFIRMATION PAR COES;;;1;;;;1;7;;1;01/01/1996
4342;7;5;120;01/01/1996;LARVA MIGRANS : TOXOCAROSE : SD DE CONFIRMATION PAR IELP;;;1;;;;1;7;;1;01/01/1996
4343;7;5;180;01/01/1996;LARVA MIGRANS : TOXOCAROSE : SD DE CONFIRMATION PAR IE;;;1;;;;1;7;;1;01/01/1996
6340;7;5;68;01/01/1996;LARVA MIGRANS : TOXOCAROSE : SUIVI DU SD DE DEPIST. PAR 1 TECHN. + ITERATIF;;;1;;;;;7;;1;01/01/1996
4344;7;5;90;01/01/1996;LEISHMANIOSE : SD DE DEPISTAGE PAR 2 TECHN.;;;1;;;;;7;;1;01/01/1996
4345;7;5;180;01/01/1996;LEISHMANIOSE : SD DE CONFIRMATION PAR IE;;;1;;;;1;7;;1;01/01/1996
6344;7;5;68;01/01/1996;LEISHMANIOSE : SUIVI DU SD DE DEPISTAGE PAR 1 TECHN. + ITERATIF;;;1;;;;;7;;1;01/01/1996
4347;7;5;40;01/01/1996;MAL. POUMON ELEVEUR D'OISEAUX : SD DE DEPISTAGE;;;2;;;;;7;;1;01/01/1996
4348;7;5;120;01/01/1996;MAL. POUMON ELEVEUR D'OISEAUX : SD DE CONFIRMATION PAR IELP;;;2;;;;1;7;;1;01/12/1998
6347;7;5;60;01/01/1996;MAL. POUMON ELEVEUR D'OISEAUX : SUIVI DU SD DE DEPISTAGE + ITERATIF;;;2;;;;;7;;1;01/01/1996
4349;7;5;40;01/01/1996;MAL. POUMON FERMIER : SD DE DEPISTAGE;;;2;;;;;7;;1;01/01/1996
4350;7;5;120;01/01/1996;MAL POUMON FERMIER : SD DE CONFIRMATION PAR IELP;;;2;;;;1;7;;1;01/12/1998
6349;7;5;60;01/01/1996;MAL. POUMON FERMIER : SUIVI DU SD DE DEPISTAGE + ITERATIF;;;2;;;;;7;;1;01/01/1996
4351;7;5;40;01/01/1996;ALVEOLITES ALLERGIQUES EXOGENES : SD DE DEPISTAGE;;;2;;;;;7;;1;01/01/1996
4352;7;5;120;01/01/1996;ALVEOLITES ALLERGIQUES EXOGENES : SD DE CONFIRMATION PAR IELP;;;2;;;;1;7;;1;01/12/1998
6351;7;5;60;01/01/1996;ALVEOLITES ALLERGIQUES EXOGENES : SUIVI DU SD DE DEPISTAGE + ITERATIF;;;2;;;;;7;;1;01/01/1996
4353;7;5;50;01/01/1996;PALUDISME : SD PAR ELS;;;1;;1;;;7;;1;01/01/1996
4354;7;5;40;01/01/1996;PALUDISME : SD PAR IFI;;;1;;1;;;7;;1;01/01/1996
4355;7;5;50;01/01/1996;SCHISTOSOMIASE : SD DE DEPISTAGE;;;1;;;;;7;;1;01/01/1996
4356;7;5;120;01/01/1996;SCHISTOSOMIASE : SD DE CONFIRMATION PAR IELP;;;1;;;;1;7;;1;01/01/1996
4357;7;5;180;01/01/1996;SCHISTOSOMIASE : SD DE CONFIRMATION PAR IE;;;1;;;;1;7;;1;01/01/1996
6355;7;5;75;01/01/1996;SCHISTOSOMIASE : SUIVI  DU SD DE DEPISTAGE + ITERATIF;;;1;;;;;7;;1;01/01/1996
4358;7;5;40;01/01/1996;TRICHINOSE : SD DE DEPISTAGE;;;1;;;;;7;;1;01/01/1996
4359;7;5;120;01/01/1996;TRICHINOSE : SD DE CONFIRMATION PAR IELP;;;1;;;;1;7;;1;01/01/1996
6358;7;5;60;01/01/1996;TRICHINOSE : SUIVI DU SD DE DEPISTAGE + ITERATIF;;;1;;;;;7;;1;01/01/1996
4360;7;5;40;01/01/1996;TRYPANOSOMIASE : MAL. SOMMEIL : SD DE DEPISTAGE;;;1;;;;;7;;1;01/01/1996
6360;7;5;60;01/01/1996;TRYPANOSOMIASE : MAL. SOMMEIL : SUIVI DU SD DE DEPISTAGE + ITERATIF;;;1;;;;;7;;1;01/01/1996
4361;7;5;40;01/01/1996;TRYPANOSOMIASE : MAL. CHAGAS : SD DE DEPISTAGE;;;1;;;;;7;;1;01/01/1996
6361;7;5;60;01/01/1996;TRYPANOSOMIASE : MAL. CHAGAS : SUIVI DU SD DE DEPISTAGE + ITERATIF;;;1;;;;;7;;1;01/01/1996
1420;7;5;40;01/01/1996;TOXOPLASMOSE CAS GENERAL : DEPISTAGE : SD INITIAL (2 ISOTYPES DIFFERENTS);;;1;;;;;7;1;1;11/02/2011
1421;7;5;60;01/01/1996;TOXOPLASMOSE CAS GENERAL : DEPISTAGE : CONTROLE DU SD INITIAL SUR AUTRE PREL.;;;1;;;;1;7;1;1;11/02/2011
1422;7;5;40;01/01/1996;TOXOPLASMOSE CAS GENERAL : SUIVI : SD DE SURVEILLANCE (2 ISOTYPES DIFFERENTS);;;1;;;;;7;1;1;11/02/2011
1423;7;5;60;01/01/1996;TOXOPLASMOSE CAS GENERAL : SUIVI : SD DE CONTROLE (2 SERUMS EN PARALLELE);;;1;;;;1;7;1;1;30/03/1997
1424;7;5;300;01/01/1996;TOXOPLASMOSE CAS GENERAL : CULTURE CELLULAIRE;;;1;;;;;7;;1;01/01/1996
1425;7;5;300;01/01/1996;TOXOPLASMOSE CAS GENERAL :  INOCULATION SOURIS;;;1;;;;;7;;1;01/01/1996
1426;7;5;500;01/01/1996;TOXOPLASMOSE CAS GENERAL : CULTURE ET INOCULATION;;;1;;;;;7;;1;01/01/1996
1430;7;5;40;01/01/1996;TOXOPLASMOSE GROSSESSE : DEPISTAGE : SD INITIAL (2 ISOTYPES DIFFERENTS);;;1;;;;;7;1;1;11/02/2011
1431;7;5;60;01/01/1996;TOXOPLASMOSE GROSSESSE : DEPISTAGE : CONTROLE DU SD INITIAL SUR AUTRE PREL.;;;1;;;;1;7;1;1;11/02/2011
1432;7;5;40;01/01/1996;TOXOPLASMOSE GROSSESSE : SUIVI : SD DE SURVEILLANCE (2 ISOTYPES DIFFERENTS);;;1;;;;;7;1;1;30/03/1997
1433;7;5;60;01/01/1996;TOXOPLASMOSE GROSSESSE : SUIVI : SD DE CONTROLE (2 SERUMS EN PARALLELE);;;1;;;;1;7;1;1;30/03/1997
1434;7;5;300;01/01/1996;TOXOPLASMOSE GROSSESSE : CULTURE CELLULAIRE;;;1;;;;;7;;1;01/01/1996
1435;7;5;300;01/01/1996;TOXOPLASMOSE GROSSESSE : INOCULATION SOURIS;;;1;;;;;7;;1;01/01/1996
1436;7;5;500;01/01/1996;TOXOPLASMOSE GROSSESSE : CULTURE ET INOCULATION;;;1;;;;;7;;1;01/01/1996
1437;7;5;40;01/01/1996;TOXOPLASMOSE NOUVEAU-NE : SD DE SURVEILLANCE PAR PLUS. TECHN.;;;1;;;;;7;;1;11/02/2011
4362;7;5;40;01/01/1996;INFECTION PARASITAIRE NON NOMMEMENT INSCRITE A LA NABM : SERODIAGNOSTIC (SD);;;;;;;;7;;1;01/01/1996
1701;7;6;30;01/01/1996;INFECTION A ADENOVIRUS : SD PAR RFC;;;1;;;;;7;;1;01/01/1996
1702;7;6;40;01/01/1996;INFECTION A ADENOVIRUS : SD PAR IFI;;;1;;;;;7;;1;01/01/1996
1703;7;6;40;01/01/1996;INFECTION A ADENOVIRUS : SD PAR IHA;;;1;;;;;7;;1;01/01/1996
1704;7;6;70;01/01/1996;INFECTION A ADENOVIRUS : SD PAR EIA;;;1;;;;;7;;1;01/01/1996
1705;7;6;50;01/01/1996;INFECTION A ADENOVIRUS : SD PAR SERONEUTRALISATION;;;1;;;;;7;;1;12/08/1997
1709;7;6;50;30/07/1997;FIEVRE JAUNE(CONTROLE D'IMMUNITE)PAR SERONEUTRALISATION;;;1;;1;;;7;;1;04/09/2014
3253;7;6;135;25/08/2014;ARBOVIROSES (AUTRES QUE DENGUE OU CHIKUNGUNYA)-IGM ET IGG (EIA)+EXAMEN ITERATIF;;;2;;1;;;7;;1;04/09/2014
1253;7;6;90;25/08/2014;ARBOVIROSES (AUTRES QUE DENGUE OU CHIKUNGUNYA) - IGM ET IGG (EIA);;;2;;1;;;7;;1;04/09/2014
1710;7;6;40;01/01/1996;INFECTION A ARENAVIRUS : SD PAR IFI;;;1;;;;;7;;1;12/08/1997
1711;7;6;70;01/01/1996;INFECTION A ARENAVIRUS : SD PAR EIA;;;1;;;;;7;;1;12/08/1997
1712;7;6;50;01/01/1996;INFECTION A ARENAVIRUS : SD PAR SERONEUTRALISATION;;;1;;;;;7;;1;12/08/1997
1713;7;6;85;01/01/1996;INFECTION A CMV RECENTE  SD : IGG + IGM PAR EIA;;;1;;1;;;7;;1;13/04/2014
3713;7;6;127;01/01/1996;INFECTION A CMV RECENTE  SD :  IGG + IGM PAR EIA + ITERATIF;;;1;;1;;;7;;1;13/04/2014
1714;7;6;70;01/01/1996;INFECTION A CMV RECENTE  SD : IGG + IGM PAR IFI;;;1;;1;;;7;;1;01/01/1996
3714;7;6;105;01/01/1996;INFECTION A CMV RECENTE  SD : IGG + IGM PAR IFI + ITERATIF;;;1;;1;;;7;;1;01/01/1996
1785;7;6;60;01/01/1996;INFECTION A CMV  : IMMUNITE ANCIENNE  SD : IGG PAR EIA;;;1;;1;;;7;;1;11/02/2011
1786;7;6;40;01/01/1996;INFECTION A CMV  : IMMUNITE ANCIENNE  SD : IGG PAR IFI;;;1;;1;;;7;;1;05/08/1997
3779;7;6;20;30/07/1997;INFECTION A CMV : DIAGNOSTIC RAPIDE DE L'IMMUNITE : TEST AU LATEX;;;1;;;;;7;;1;12/10/1997
3786;7;6;20;30/07/1997;INFECTION A EBV : MONONUCLEOSE INFECTIEUSE (MNI) : AC HETEROPHILES : RECHERCHE;;;1;;;;;7;;1;12/10/1997
1715;7;6;70;01/01/1996;INFECTION A EBV ANCIENNE : SD : AC VCA IGG ET AC EBNA PAR IFI;;;1;;1;;;7;;1;01/01/1996
1716;7;6;100;01/01/1996;INFECTION A EBV ANCIENNE : SD : AC VCA IGG ET AC EBNA PAR EIA;;;1;;1;;;7;;1;11/02/2011
1717;7;6;40;01/01/1996;INFECTION A EBV RECENTE OU EVOLUTIVE : SD : AC VCA IGM OU AC EA IGM PAR IFI;;;1;;1;;;7;;1;05/08/1997
1718;7;6;55;01/01/1996;INFECTION A EBV RECENTE OU EVOLUTIVE : SD : AC VCA IGM OU AC EA PAR EIA;;;1;;1;;;7;;1;11/02/2011
1719;7;6;40;01/01/1996;INFECTION A EBV  : SD : AC EA IGA OU AC VCA IGA;;;1;;1;;;7;;1;01/01/1996
1744;7;6;50;01/01/1996;HERPES SIMPLEX (VHS) : SD : AC IGG ANTI VHS 1 ET 2 PAR EIA;;;1;;;;;7;;1;31/01/2012
3744;7;6;75;01/01/1996;HERPES SIMPLEX (VHS) : SD : AC IGG ANTI VHS 1 ET 2 PAR EIA + ITERATIF;;;1;;;;;7;;1;31/01/2012
1745;7;6;40;01/01/1996;HERPES SIMPLEX (VHS) : SD : AC IGG ANTI VHS  1 + 2 PAR IFII;;;1;;;;;7;;1;12/10/1997
3745;7;6;60;01/01/1996;HERPES SIMPLEX (VHS) : SD : AC IGG ANTI VHS 1 + 2 PAR IFI + ITERATIF;;;1;;;;;7;;1;12/10/1997
1746;7;6;50;01/01/1996;HERPES SIMPLEX (VHS) : SD : AC IGM ANTI VHS 1 ET 2 PAR EIA;;;1;;;;;7;;1;31/01/2012
3746;7;6;75;01/01/1996;HERPES SIMPLEX (VHS) : SD : AC IGM ANTI VHS 1 ET 2 PAR EIA + ITERATIF;;;1;;;;;7;;1;31/01/2012
1747;7;6;40;01/01/1996;HERPES SIMPLEX (VHS) : SD : AC IGM ANTI VHS 1 + 2 PAR IFI;;;1;;;;;7;;1;12/10/1997
3747;7;6;60;01/01/1996;HERPES SIMPLEX (VHS) : SD : AC IGM ANTI VHS 1 + 2 PAR IFI + ITERATIF;;;1;;;;;7;;1;12/10/1997
1752;7;6;70;01/01/1996;HERPES 6 (VHH6) : SD : AC IGG PAR EIA;;;1;;;;;7;;1;01/01/1996
1753;7;6;40;01/01/1996;HERPES 6 (VHH6) : SD : AC IGG PAR IFI;;;1;;;;;7;;1;01/01/1996
1777;7;6;100;01/01/1996;VARICELLE-ZONA : SD INF RECENTE OU RECURRENCE : IGG + IGM PAR EIA;;;1;;1;;;7;;1;08/02/2009
3777;7;6;150;01/01/1996;VARICELLE-ZONA : SD INF RECENTE OU RECURRENCE : IGG + IGM EIA + ITERATIF;;;1;;1;;;7;;1;08/02/2009
1778;7;6;70;01/01/1996;VARICELLE-ZONA : SD INF RECENTE OU RECURRENCE : IGG + IGM PAR IFI;;;1;;1;;;7;;1;12/08/1997
3778;7;6;105;01/01/1996;VARICELLE-ZONA : SD INF RECENTE OU RECURRENCE : IGG + IGM PAR IFI + ITERARIF;;;1;;1;;;7;;1;12/08/1997
1779;7;6;70;01/01/1996;VARICELLE : SD : CONTROLE D'IMMUNITE PAR EIA;;;1;;1;;;7;;1;01/01/1996
1780;7;6;40;01/01/1996;VARICELLE : SD : CONTROLE D'IMMUNITE PAR IFI;;;1;;1;;;7;;1;01/01/1996
1720;7;6;150;01/01/1996;POLIOMYELITE : SD : CONTROLE D'IMMUNITE (3 SEROTYPES);;;1;;1;;;7;;1;01/01/1996
1721;7;6;40;01/01/1996;INFECTION A VIRUS COXSACKIE A ET B : SD;;;1;;;;;7;;1;01/01/1996
1729;7;6;30;01/01/1996;GRIPPE A : SD PAR RFC;;;1;;;;;7;;1;01/01/1996
3729;7;6;45;01/01/1996;GRIPPE A : SD PAR RFC + ITERATIF;;;1;;;;;7;;1;01/01/1996
1730;7;6;60;01/01/1996;GRIPPE A : SD PAR EIA;;;1;;;;;7;;1;11/02/2011
3730;7;6;90;01/01/1996;GRIPPE A : SD PAR EIA + ITERATIF;;;1;;;;;7;;1;11/02/2011
1731;7;6;40;01/01/1996;GRIPPE A : SD PAR IHA;;;1;;;;;7;;1;01/01/1996
3731;7;6;60;01/01/1996;GRIPPE A : SD PAR IHA + ITERATIF;;;1;;;;;7;;1;01/01/1996
1732;7;6;30;01/01/1996;GRIPPE B : SD PAR RFC;;;1;;;;;7;;1;01/01/1996
3732;7;6;45;01/01/1996;GRIPPE B : SD PAR RFC + ITERATIF;;;1;;;;;7;;1;01/01/1996
1733;7;6;70;01/01/1996;GRIPPE B : SD PAR EIA;;;1;;;;;7;;1;01/01/1996
3733;7;6;105;01/01/1996;GRIPPE B : SD PAR EIA + ITERATIF;;;1;;;;;7;;1;01/01/1996
1734;7;6;40;01/01/1996;GRIPPE B : SD PAR IHA;;;1;;;;;7;;1;01/01/1996
3734;7;6;60;01/01/1996;GRIPPE B : SD PAR IHA + ITERATIF;;;1;;;;;7;;1;01/01/1996
1735;7;6;50;01/01/1996;GRIPPES A ET B : SD CONTROLE D'IMMUNITE PAR SERONEUTRALISATION;;;2;;1;;;7;;1;05/08/1997
3780;7;6;40;30/07/1997;GRIPPES A ET B : SD CONTROLE D'IMMUNITE PAR IHA;;;2;;1;;;7;;1;12/10/1997
1760;7;6;20;01/01/1996;PARAINFLUENZA (PARAMYXOVIRUS) : SD PAR IHA;;;;;;;;7;;1;01/01/1996
3760;7;6;30;01/01/1996;PARAINFLUENZA (PARAMYXOVIRUS) : SD PAR IHA + ITERATIF;;;;;;;;7;;1;01/01/1996
1761;7;6;30;01/01/1996;PARAINFLUENZA (PARAMYXOVIRUS) : SD PAR RFC;;;;;;;;7;;1;01/01/1996
3761;7;6;45;01/01/1996;PARAINFLUENZA (PARAMYXOVIRUS) : SD PAR RFC + ITERATIF;;;;;;;;7;;1;01/01/1996
3787;7;6;70;30/07/1997;INFECTION A VRS : SD : DEPISTAGE AC PAR EIA;;;1;;;;;7;;1;12/10/1997
3781;7;6;30;30/07/1997;INFECTION A VRS : SD : DEPISTAGE AC PAR RFC (CHEZ ADULTE);;;1;;1;;;7;;1;12/10/1997
0350;7;6;60;01/01/1996;HEPATITE A (VHA) : SD : IGM (INFECTION RECENTE) PAR EIA;;;1;;1;;;7;1;1;11/02/2011
1736;7;6;50;01/01/1996;HEPATITE A (VHA) : SD : IGG OU IG TOTALES (IMMUNITE ANCIENNE OU VACCINATION);;;1;;1;;;7;1;1;01/04/2017
4710;7;6;100;30/07/1997;HEPATITE B (VHB):SD INFECTION RECENTE:AG HBS+AC ANTI-HBC IGM PAR EIA;;;1;;1;;1;7;1;1;01/04/2017
4711;7;6;170;30/07/1997;HEPATITE B (VHB):SD HEPATITE CHRONIQUE:AG HBS+AG HBE+AC ANTI-HBE PAR EIA;;;1;;1;;1;7;1;1;01/04/2017
4712;7;6;100;30/07/1997;HEPATITE B (VHB):SD CONTROLE GUERISON:AG HBS+AC ANTI-HBS PAR EIA;;;1;;1;;1;7;1;1;01/04/2017
4713;7;6;100;30/07/1997;HEPATITE B (VHB):SD CONTROLE AVANT VACCINATION:AC ANTI HBS+AC ANTI HBC EIA;;;1;;1;;1;7;1;1;01/04/2017
4714;7;6;50;30/07/1997;HEPATITE B (VHB):SD CONTROLE APRES VACCINATION:AC ANTI-HBS PAR EIA;;;1;;1;;1;7;1;1;01/04/2017
4715;7;6;50;30/07/1997;HEPATITE B (VHB):SD SURVEILLANCE GROSSESSE:AG HBS PAR EIA;;;1;;1;;1;7;1;1;01/04/2017
0322;7;6;50;01/01/1996;HEPATITE B (VHB) : SD : AG HBS PAR EIA;;;1;3;;;;7;1;1;01/04/2017
0323;7;6;50;01/01/1996;HEPATITE B (VHB) : SD : AC ANTIHBS (IGG OU IG TOTALES) PAR EIA;;;1;3;;;;7;1;1;01/04/2017
0353;7;6;70;01/01/1996;HEPATITE B (VHB) : SD : AG HBE PAR EIA;;;1;3;;;;7;1;1;12/10/1997
0354;7;6;70;01/01/1996;HEPATITE B (VHB) : SD : AC ANTIHBE PAR EIA;;;1;3;;;;7;1;1;12/10/1997
0352;7;6;60;01/01/1996;HEPATITE B (VHB) : SD : AC ANTIHBC IGM PAR EIA;;;1;3;;;;7;1;1;11/02/2011
0351;7;6;50;01/01/1996;HEPATITE B (VHB) : SD : AC ANTIHBC TOTAUX PAR EIA;;;1;3;;;;7;1;1;01/04/2017
3784;7;6;55;30/07/1997;HEPATITE C (VHC) : SD DE DEPISTAGE : AC ANTI-VHC PAR EIA;;1;1;;;;;7;1;1;17/04/2013
3785;7;6;55;30/07/1997;HEPATITE C (VHC) : SD DE CONTROLE;;1;1;;;;1;7;1;1;17/04/2013
1740;7;6;70;01/01/1996;HEPATITE DELTA (VHD) : SD :AC IGG OU TOTAUX PAR EIA;;;1;;1;;;7;1;1;12/10/1997
1741;7;6;70;01/01/1996;HEPATITE DELTA (VHD) : SD : AC IGM PAR EIA;;;1;;1;;;7;1;1;12/10/1997
1742;7;6;70;01/01/1996;HEPATITE DELTA (VHD) : SD : AG DELTA PAR EIA;;;1;;1;;;7;1;1;12/10/1997
1743;7;6;70;01/01/1996;HEPATITE E (VHE) : SD : AC ANTI-VHE PAR EIA;;;1;;;;;7;1;1;05/08/1997
1756;7;6;70;01/01/1996;OREILLONS (V. OURLIEN) : INFECTION RECENTE : SD : IGG + IGM PAR IFI;;;1;;1;;;7;;1;12/08/1997
1757;7;6;120;01/01/1996;OREILLONS (V. OURLIEN) : INFECTION RECENTE : SD : IGG + IGM PAR EIA;;;1;;1;;;7;;1;12/08/1997
1758;7;6;70;01/01/1996;OREILLONS (V. OURLIEN) : IMMUNITE ANCIENNE : SD : IGG PAR EIA;;;1;;1;;;7;;1;12/08/1997
1759;7;6;40;01/01/1996;OREILLONS (V. OURLIEN) : IMMUNITE ANCIENNE : SD : IGG PAR IFI;;;1;;1;;;7;;1;02/08/1997
1762;7;6;70;01/01/1996;INF. A PARVOVIRUS B 19 RECENTE : SD : IGG + IGM PAR IFI;;;1;;1;;;7;;1;01/01/1996
1763;7;6;105;01/01/1996;INF. A PARVOVIRUS B 19 RECENTE : SD : IGG + IGM PAR EIA;;;1;;1;;;7;;1;01/04/2017
1764;7;6;70;01/01/1996;INF. A PARVOVIRUS B 19 ANCIENNE : SD : IGG OU IG TOTALES PAR EIA;;;1;;1;;;7;;1;01/01/1996
1765;7;6;40;01/01/1996;INF. A PARVOVIRUS B 19 ANCIENNE : SD : IGG OU IG TOTALES PAR IFI;;;1;;1;;;7;;1;01/01/1996
0388;7;6;50;01/01/1996;INFECTION A VIH 1 ET 2 : SD DE DEPISTAGE;;1;1;;;;1;7;;1;01/04/2017
0389;7;6;160;01/01/1996;INFECTION A VIH 1 ET 2 : SD DE CONFIRMATION 1 REACTION;;1;1;;;;1;7;;1;15/03/2011
0390;7;6;240;01/01/1996;INFECTION A VIH 1 ET 2 : SD DE CONFIRMATION 2 REACTIONS OU PLUS;;1;1;;;;1;7;;1;15/03/2011
0392;7;6;55;01/01/1996;INFECTION A VIH 1 ET 2 : ANTIGENE P24 DU VIH 1 : RECHERCHE ET TITRAGE;;1;1;;;;;7;;1;15/03/2011
1754;7;6;65;01/01/1996;INFECTION A HTLV (I ET II) : SD DE DEPISTAGE PAR EIA;;;1;;;;;7;;1;01/04/2017
4716;7;6;40;30/07/1997;INFECTION A HTLV (I ET II) : SD DE DEPISTAGE PAR AGGLUTINATION;;;1;;;;;7;;1;12/10/1997
1755;7;6;180;01/01/1996;INFECTION A HTLV (I ET II) : SD DE CONFIRMATION PAR IMMUNOTRANSFERT;;;1;;;;1;7;;1;12/08/1997
1766;7;6;120;01/01/1996;RAGE : SD INFECTION RECENTE : IGG + IGM PAR EIA;;;1;;1;;;7;;1;12/08/1997
1767;7;6;70;01/01/1996;RAGE : SD CONTROLE D'IMMUNITE : IGG PAR EIA;;;1;;1;;;7;;1;12/08/1997
1768;7;6;120;01/01/1996;ROUGEOLE : SD INFECTION RECENTE : IGG + IGM PAR EIA;;;1;;1;;;7;;1;12/08/1997
1769;7;6;70;01/01/1996;ROUGEOLE : SD INFECTION RECENTE : IGG + IGM PAR IFI;;;1;;1;;;7;;1;12/08/1997
1770;7;6;70;01/01/1996;ROUGEOLE : SD CONTROLE D'IMMUNITE : IGG OU IG TOTALES PAR EIA;;;1;;1;;;7;;1;01/01/1996
1771;7;6;40;01/01/1996;ROUGEOLE : SD CONTROLE D'IMMUNITE : IGG OU IG TOTALES PAR IFI;;;1;;1;;;7;;1;01/01/1996
1772;7;6;40;01/01/1996;ROUGEOLE : SD CONTROLE D'IMMUNITE : IGG OU IG TOTALES PAR IHA;;;1;;1;;;7;;1;01/01/1996
1773;7;6;38;01/01/1996;RUBEOLE : SD PAR IHA OU EIA;;;1;;;;;7;1;1;01/04/2017
3773;7;6;57;01/01/1996;RUBEOLE : SD PAR IHA OU EIA + ITERATIF;;;1;;;;;7;1;1;01/04/2017
3783;7;6;50;30/07/1997;RUBEOLE : SD : IGM PAR IMMUNOCAPTURE;;;1;;1;;1;7;1;1;11/02/2011
4717;7;6;20;30/07/1997;RUBEOLE : SD D'UNE IMMUNITE POST-VACCINALE PAR AGGLUTINATION;;;1;;1;;;7;;1;12/10/1997
4201;8;0;100;01/01/1996;CNO : CULTURES CELLULAIRES DE VIRUS NON ORIENTEES;;;1;;;1;;;;;12/10/1997
4202;8;0;50;01/01/1996;CNO : IDENTIFICATION VIRALE PAR 1 A 2 SERUMS;;;1;;;1;1;7;;;01/01/1996
4203;8;0;100;01/01/1996;CNO : IDENTIFICATION VIRALE PAR 3 A 7 SERUMS;;;1;;;1;1;7;;;01/01/1996
4204;8;0;150;01/01/1996;CNO : IDENTIFICATION VIRALE PAR + DE 7 SERUMS;;;1;;;1;1;7;;;01/01/1996
4205;8;0;20;01/01/1996;ADENOVIRUS : RECHERCHE DIRECTE SUR SELLES PAR AGG;;;1;;;;;2;;;12/10/1997
4206;8;0;70;01/01/1996;ADENOVIRUS : RECHERCHE DIRECTE SUR SELLES PAR EIA;;;1;;;;;2;;;12/10/1997
4207;8;0;40;01/01/1996;ADENOVIRUS : RECHERCHE DIRECTE SUR LIQUIDES AUTRES QUE SELLES PAR IF;;;1;;;;;2;;;01/01/1996
4208;8;0;150;01/01/1996;ADENOVIRUS : CULTURES ORIENTEES ET IDENTIFICATION;;;1;;;1;;6;;;01/01/1996
4209;8;0;200;01/01/1996;ADENOVIRUS : MISE EN EVIDENCE SUR SELLES PAR ME;;;1;;;;;2;;;01/01/1996
4212;8;0;40;01/01/1996;ARENAVIRUS : RECHERCHE DIRECTE PAR IF;;;1;;;;;2;;;01/01/1996
4213;8;0;70;01/01/1996;ARENAVIRUS : RECHERCHE DIRECTE PAR EIA;;;1;;;;;2;;;01/01/1996
4214;8;0;150;01/01/1996;ARENAVIRUS : CULTURES ORIENTEES ET IDENTIFICATION;;;1;;;1;;6;;;01/01/1996
4215;8;0;250;01/01/1996;ARENAVIRUS : ISOLEMENT SUR SOURICEAUX;;;1;;;1;;2;;;01/01/1996
4216;8;0;500;01/01/1996;VIRUS DES FIEVRES HEMORRAGIQUES : CULTURES;;;1;;;1;;6;;;01/01/1996
4217;8;0;250;01/01/1996;ASTROVIRUS : RECHERCHE DIRECTE PAR MIE;;;1;;;;;2;;;01/01/1996
4218;8;0;70;01/01/1996;ASTROVIRUS : RECHERCHE DIRECTE PAR EIA;;;1;;;;;2;;;01/01/1996
4219;8;0;150;01/01/1996;ASTROVIRUS : CULTURES ORIENTEES ET IDENTIFICATION;;;1;;;1;;6;;;01/01/1996
4220;8;0;250;01/01/1996;CALICIVIRUS : RECHERCHE DIRECTE PAR MIE;;;1;;;;;2;;;01/01/1996
4221;8;0;70;01/01/1996;CALICIVIRUS : RECHERCHE DIRECTE PAR EIA;;;1;;;;;2;;;01/01/1996
4222;8;0;40;01/01/1996;CORONAVIRUS : RECHERCHE DIRECTE PAR IF;;;1;;;;;2;;;01/01/1996
4223;8;0;200;01/01/1996;CORONAVIRUS : RECHERCHE DIRECTE PAR ME;;;1;;;;;2;;;01/01/1996
4224;8;0;200;01/01/1996;HERPETOVIRIDAE : RECHERCHE PAR ME(URGENCE);;;1;;1;;;2;;;05/08/1997
4225;8;0;40;01/01/1996;CYTOMEGALOVIRUS  (CMV) : RECHERCHE DIRECTE PAR IF;;;1;;;;;2;;;01/01/1996
4226;8;0;100;01/01/1996;CYTOMEGALOVIRUS  (CMV) : ANTIGENEMIE LEUCOCYTAIRE PAR IF;;;1;;;;;2;;1;12/08/1997
4227;8;0;150;01/01/1996;CYTOMEGALOVIRUS (CMV) : CULTURES ORIENTEES ET IDENTIFICATION;;;1;;;1;;6;;;01/01/1996
4228;8;0;40;01/01/1996;VIRUS DE L'HERPES SIMPLEX (VHS) : RECHERCHE DIRECTE PAR IF;;;1;;;;;2;;;01/01/1996
4229;8;0;70;01/01/1996;VIRUS DE L'HERPES SIMPLEX (VHS) : RECHERCHE DIRECTE PAR EIA;;;1;;;;;2;;;01/01/1996
4230;8;0;130;01/01/1996;VIRUS DE L'HERPES SIMPLEX (VHS) : CULTURES ORIENTEES ET IDENTIFICATION;;;1;;;1;;6;;;31/01/2012
4270;8;0;600;30/07/1997;VIRUS DE L'HERPES 6 (VHH6) OU DE L'HERPES 7 (VHH7):CULTURES SUR LYMPHOCYTES;;;1;;;1;;6;;1;12/10/1997
4232;8;0;40;01/01/1996;VIRUS DE VARICELLE ET ZONA : RECHERCHE DIRECTE PAR IF;;;1;;;;;2;;;01/01/1996
4233;8;0;70;01/01/1996;VIRUS DE VARICELLE ET ZONA : RECHERCHE DIRECTE PAR EIA;;;1;;;;;2;;;01/01/1996
4234;8;0;150;01/01/1996;VIRUS DE VARICELLE ET ZONA : CULTURES ORIENTEES ET IDENTIFICATION;;;1;;;1;;6;;;13/08/1997
4235;8;0;200;01/01/1996;POLIOVIRUS : CULTURES CELLULAIRES;;;1;;;1;;6;;;01/01/1996
4236;8;0;250;01/01/1996;VIRUS COXSACKIE A : CULTURES CELLULAIRES;;;1;;;1;;6;;;01/01/1996
4237;8;0;350;01/01/1996;VIRUS COXSACKIE A : ISOLEMENT SUR SOURICEAUX;;;1;;;1;;6;;;01/01/1996
4238;8;0;200;01/01/1996;VIRUS COXSACKIE B : CULTURES CELLULAIRES;;;1;;;1;;6;;;01/01/1996
4239;8;0;200;01/01/1996;ECHOVIRUS : CULTURES CELLULAIRES;;;1;;;1;;6;;;01/01/1996
4272;8;0;150;30/07/1997;RHINOVIRUS : CULTURES ORIENTEES ET IDENTIFICATION;;;1;;;1;;6;;;12/10/1997
4240;8;0;40;01/01/1996;VIRUS GRIPPAUX (A ET B) : RECHERCHE DIRECTE PAR IF;;;;;1;;;2;;;01/01/1996
4241;8;0;40;01/01/1996;VIRUS GRIPPAUX (A ET B) : RECHERCHE DIRECTE PAR EIA;;;;;1;;;2;;;11/02/2011
4242;8;0;150;01/01/1996;VIRUS GRIPPAUX (A ET B) : CULTURES ORIENTEES ET IDENTIFICATION;;;1;;1;1;1;6;;;01/01/1996
4243;8;0;40;01/01/1996;VIRUS PARAINFLUENZAE (I, II, III, IV) : RECHERCHE DIRECTE PAR IF;;;1;;;;;2;;;01/01/1996
4244;8;0;70;01/01/1996;VIRUS PARAINFLUENZAE (I, II, III, IV) : RECHERCHE DIRECTE PAR EIA;;;1;;;;;2;;;01/01/1996
4245;8;0;150;01/01/1996;VIRUS PARAINFLUENZAE (I, II, III, IV) : CULTURES ORIENTEES ET IDENTIFICATION;;;1;;;1;1;6;;;01/01/1996
4246;8;0;40;01/01/1996;VIRUS RESPIRATOIRE SYNCYTIAL (VRS) : RECHERCHE DIRECTE PAR IF;;;1;;;;;2;;;01/01/1996
4247;8;0;70;01/01/1996;VIRUS RESPIRATOIRE SYNCYTIAL (VRS) : RECHERCHE DIRECTE PAR EIA;;;1;;;;;2;;;01/01/1996
4248;8;0;150;01/01/1996;VIRUS RESPIRATOIRE SYNCYTIAL (VRS) : CULTURES ORIENTEES ET IDENTIFICATION;;;1;;;1;1;6;;;01/01/1996
4250;8;0;40;01/01/1996;VIRUS OURLIEN (OREILLONS) : RECHERCHE DIRECTE PAR IF;;;1;;;;;2;;;01/01/1996
4251;8;0;70;01/01/1996;VIRUS OURLIEN (OREILLONS) : RECHERCHE DIRECTE PAR EIA;;;1;;;;;2;;;01/01/1996
4252;8;0;150;01/01/1996;VIRUS OURLIEN :(OREILLONS) : CULTURES ORIENTEES ET IDENTIFICATION;;;1;;;1;;6;;;01/01/1996
4253;8;0;200;01/01/1996;PARVOVIRUS B 19 : RECHERCHE DANS SERUM PAR ME;;;1;;1;;;2;;1;05/08/1997
4254;8;0;40;01/01/1996;POLYOMAVIRUS : DIAGNOSTIC DIRECT PAR IF;;;1;;;;;2;;;01/01/1996
4255;8;0;150;01/01/1996;POLYOMAVIRUS : CULTURES ORIENTEES ET IDENTIFICATION;;;1;;;1;;6;;;01/01/1996
4256;8;0;200;01/01/1996;POXVIRUS : RECHERCHE PAR ME;;;1;;;;;2;;;01/01/1996
4257;8;0;250;01/01/1996;POXVIRUS : RECHERCHE PAR MIE;;;1;;;;;2;;;01/01/1996
4258;8;0;1200;01/01/1996;VIH : CULTURES SUR LYMPHOCYTES;;1;1;;1;1;;6;;;01/12/1998
4271;8;0;1200;30/07/1997;RETROVIRUS AUTRE QUE LE VIH : CULTURES ORIENTEES ET IDENTIFICATION;;;1;;;1;;6;;;12/10/1997
4259;8;0;40;01/01/1996;VIRUS DE LA RAGE : RECHERCHE DIRECTE PAR IF;;;1;;;;;2;;;01/01/1996
4260;8;0;70;01/01/1996;VIRUS DE LA RAGE : RECHERCHE DIRECTE PAR EIA;;;1;;;;;2;;;01/01/1996
4261;8;0;150;01/01/1996;VIRUS DE LA RAGE : CULTURES ORIENTEES ET IDENTIFICATION;;;1;;;1;;6;;;01/01/1996
4262;8;0;40;01/01/1996;VIRUS DE LA ROUGEOLE : RECHERCHE DIRECTE PAR IF;;;1;;;;;2;;;01/01/1996
4263;8;0;70;01/01/1996;VIRUS DE LA ROUGEOLE : RECHERCHE DIRECTE PAR EIA;;;1;;;;;2;;;01/01/1996
4264;8;0;150;01/01/1996;VIRUS DE LA ROUGEOLE : CULTURES ORIENTEES ET IDENTIFICATION;;;1;;;1;1;6;;;01/01/1996
4265;8;0;150;01/01/1996;VIRUS DE LA RUBEOLE : CULTURES ORIENTEES ET IDENTIFICATION;;;1;;;1;;6;;;01/01/1996
4266;8;0;20;01/01/1996;ROTAVIRUS : RECHERCHE DIRECTE PAR AGG;;;1;;;;;2;;;05/08/1997
4267;8;0;70;01/01/1996;ROTAVIRUS : RECHERCHE DIRECTE PAR EIA;;;1;;;;;2;;;05/10/1997
4268;8;0;200;01/01/1996;ROTAVIRUS : RECHERCHE PAR ME;;;1;;;;;2;;;01/01/1996
7401;10;0;25;30/07/1997;HCG OU BETA HCG (URINES);;;1;;1;;;2;1;;11/02/2011
7402;10;0;30;30/07/1997;HCG OU BETA HCG (SANG);;;1;;1;;;2;1;1;31/01/2012
0472;10;0;50;01/01/1996;L.H. (SANG);;;3;;;;;2;;1;20/04/2016
0473;10;0;50;01/01/1996;F.S.H. (SANG);;;3;;;;;2;1;1;20/04/2016
0330;10;0;50;01/07/1999;ESTRADIOL (FEMME) (E2) (SANG);;;3;;;;;2;;1;20/04/2016
0727;10;0;70;01/01/1996;ESTRADIOL (HOMME ET ENFANT) (E2) (SANG);;;3;;;;;2;;1;11/02/2011
1801;10;0;51;26/11/2003;ESTRADIOL (E2) (AUTRE MILIEU BIOLOGIQUE);;;1;;;;;2;;;17/04/2013
0777;10;0;75;30/07/1997;INHIBINES (SANG);;;1;;;;;2;;1;11/02/2011
0357;10;0;51;01/01/1996;TESTOSTERONE (HOMME) (SANG);;;3;;;;;2;;1;13/04/2014
1136;10;0;70;01/07/1999;TESTOSTERONE (FEMME ET ENFANT) (SANG);;;3;;;;;2;;1;08/02/2009
0701;10;0;80;01/01/1996;TESTOSTERONE LIBRE OU BIODISPONIBLE (SANG);;;3;;;;;2;;1;01/04/2017
1134;10;0;80;01/07/1999;ANDROSTENEDIONE (SANG);;;3;;;;;2;;1;01/04/2017
0334;10;0;50;01/01/1996;PROGESTERONE (PG) (SANG);;;3;;;;;2;;1;20/04/2016
1135;10;0;75;01/07/1999;17-OH-PROGESTERONE (SANG);;;3;;;;;2;;1;01/04/2017
0343;10;0;50;01/01/1996;PROLACTINE (SANG);;;3;;;;;2;;1;20/04/2016
0884;10;0;200;30/07/1997;FORMES MOLECULAIRES DE PROLACTINE : SEPARATION CHROMATO (SANG);;;1;;;;;2;;1;28/01/2004
7414;10;0;80;30/07/1997;DEHYDROEPIANDROSTERONE (DHA) (SANG);;;3;;1;;;2;;1;20/04/2016
1802;10;0;60;26/11/2003;SULFATE DE DHA (SANG);;;3;;1;;;2;;1;13/04/2014
7415;10;0;90;30/07/1997;DIHYDROTESTOSTERONE (DHT);;;3;;;;;2;;1;19/01/2010
0358;10;0;70;01/01/1996;PROTEINE DE TRANSPORT DES HORM. SEXUELLES (TEBG, SBG) (SANG);;;3;;;;;2;;1;19/01/2010
7422;10;0;70;30/07/1997;INSULINE (SANG);;;3;;;;;2;;1;28/01/2004
0703;10;0;110;01/01/1996;INSULINE LIBRE (SANG);;;3;;;;;2;;1;28/01/2004
1137;10;0;65;01/07/1999;C-PEPTIDE (SANG);;;3;;;;;2;;1;08/02/2009
0756;10;0;70;14/02/1997;C-PEPTIDE (URINE);;;1;;;;;2;;;28/01/2004
0462;10;0;55;01/01/1996;CORTISOL (SANG);;;3;;;;;2;;1;13/04/2014
0476;10;0;73;01/01/1996;CORTISOL LIBRE (URINE);;;1;;;;;2;;;01/04/2017
7420;10;0;100;30/07/1997;CORTICOTROPINE (ACTH) (SANG);;;3;;;;;2;;1;08/02/2009
0455;10;0;60;01/01/1996;17-CETOSTEROIDES (URINE);;;1;;;;;2;;;28/01/2004
0714;10;0;78;01/01/1996;ALDOSTERONE (SANG);;;3;;;;;2;;1;20/04/2016
0461;10;0;70;01/01/1996;17-HYDROXY-CORTICOSTEROIDES OU T.H.S. (URINE);;;1;;;;;2;;;28/01/2004
0463;10;0;120;01/01/1996;ALDOSTERONE OU TETRAHYDRO-ALDOSTERONE (URINE);;;1;;;;;2;;;28/01/2004
0466;10;0;60;01/01/1996;ACIDE HYDROXY-INDOLE-ACETIQUE (HIAA, 5 HIAA) (URINE);;;1;;;;;2;;;28/01/2004
0467;10;0;60;01/01/1996;ACIDE VANILMANDELIQUE (VMA) (URINE);;;1;;;;;2;;;28/01/2004
0468;10;0;80;01/01/1996;CATECHOLAMINES TOTALES (METANEPHRINES OU HVA) (URINE);;;1;;;;;2;;;28/01/2004
0477;10;0;130;01/01/1996;CATECHOLAMINES (OU METANEPHRINES) (URINE);;;2;;;;;6;;;08/02/2009
0478;10;0;140;01/01/1996;CATECHOLAMINES (SANG), CLHP : AU MOINS 2 DOSAGES (DOPAMINE, ADR, NORADR);;;1;;;;;6;;1;28/01/2004
0364;10;0;120;01/01/1996;SEROTONINE PAR CLHP (SANG);;;3;;;;;2;;1;28/01/2004
1208;10;0;28;01/08/2000;T.S.H. (SANG);;;3;;1;;;2;1;1;01/04/2017
1206;10;0;28;01/08/2000;TRIIODOTHYRONINE LIBRE (T3 L OU FT3) (SANG);;;3;;1;;;2;1;1;01/04/2017
1207;10;0;28;01/08/2000;THYROXINE LIBRE (T4 L OU FT4) (SANG);;;3;;1;;;2;1;1;01/04/2017
1209;10;0;55;01/08/2000;T3 LIBRE + T4 LIBRE (SANG);;;1;;1;;;2;1;1;01/04/2017
1210;10;0;54;01/08/2000;T.S.H. + T3 LIBRE (SANG);;;1;;1;;;2;1;1;01/04/2017
1211;10;0;54;01/08/2000;T.S.H. + T4 LIBRE (SANG);;;1;;1;;;2;1;1;01/04/2017
1212;10;0;70;01/08/2000;T.S.H. + T3 LIBRE + T4 LIBRE (SANG);;;1;;1;;;2;1;1;01/04/2017
1803;10;0;150;26/11/2003;TEST AU TRH (SANG);;;1;;;;;2;1;1;08/02/2009
7423;10;0;90;30/07/1997;HORMONE DE CROISSANCE (SOMATOTROPINE) (HGH) (SANG);;;3;;1;;;2;;1;19/01/2010
0763;10;0;100;01/01/1996;ERYTHROPOIETINE (SANG);;;3;;1;;;2;;1;28/01/2004
0764;10;0;70;01/01/1996;GASTRINE (SANG);;;3;;;;;2;;1;19/01/2010
0774;10;0;90;01/01/1996;PEPTIDE VASOACTIF INTESTINAL (VIP) (SANG);;;3;;;;;2;;1;19/01/2010
0745;10;0;120;01/01/1996;HORMONE ANTIDIURETIQUE OU VASOPRESSINE (ADH) (SANG);;;3;;;;;2;;1;28/01/2004
0783;10;0;100;30/07/1997;IGFBP 3 (SANG);;;3;;;;;2;;1;28/01/2004
1138;10;0;85;01/07/1999;OSTEOCALCINE (SANG);;;3;;;;;2;;1;20/04/2016
0983;10;0;60;01/07/1999;PARATHORMONE (1-84 OU BIOACTIVE) (SANG);;;1;;1;;;2;;1;11/02/2011
0776;10;0;78;01/01/1996;RENINE (SANG);;;3;;;;;2;;1;20/04/2016
0780;10;0;85;01/01/1996;SOMATOMEDINE (IGF1-SMC) (SANG);;;3;;;;;2;;1;01/04/2017
1510;11;0;6;01/01/1996;AMYLASEMIE (SANG);;;1;;;;;2;1;1;01/04/2017
1511;11;0;7;01/01/1996;AMYLASE (AUTRE LIQUIDE BIOLOGIQUE QUE SANG);;;2;;;;;2;;;01/04/2017
1513;11;0;25;01/01/1996;ALDOLASE (SANG);;;1;;;;;2;;1;01/04/2017
0514;11;0;6;01/01/1996;PHOSPHATASES ALCALINES (PH. ALC.) (SANG);;;1;;;;;2;1;1;01/04/2017
0516;11;0;6;01/01/1996;ALANINE AMINOTRANSFERASE (ALAT,TGP) (SANG);;;1;;;;;2;1;1;01/04/2017
0517;11;0;6;01/01/1996;ASPARTATE AMINOTRANSFERASE (ASAT,TGO)(SANG);;;1;;;;;2;1;1;01/04/2017
0522;11;0;10;01/01/1996;TRANSAMINASES (ALAT ET ASAT, TGP ET TGO)(SANG);;;1;;;;;2;1;1;20/04/2016
1518;11;0;30;01/01/1996;GLUCOSE-6-PHOSPHATE DESHYDROGENASE (G6PD) (SANG);;;1;;;;;2;;1;11/02/2011
0519;11;0;6;01/01/1996;GAMMA GLUTAMYL TRANSFERASE (GAMMAT GT , GGT) (SANG);;;1;;;;;2;1;1;01/04/2017
1520;11;0;6;01/01/1996;CREATINE PHOSPHOKINASE (CPK) (SANG);;;1;;;;;2;;1;01/04/2017
0521;11;0;7;01/01/1996;LACTATE DESHYDROGENASE (LDH) (SANG);;;1;;;;;2;;1;01/04/2017
1521;11;0;7;01/01/1996;LACTATE DESHYDROGENASE (LDH) (AUTRE LIQUIDE BIOL QUE SANG);;;2;;;;;2;;;31/01/2012
0523;11;0;55;01/01/1996;ENZYME DE CONVERSION DE L'ANGIOTENSINE (SANG);;;1;;;;;2;;1;08/02/2009
0524;11;0;6;01/01/1996;LIPASEMIE (SANG);;;1;;;;1;3;1;1;01/04/2017
1525;11;0;7;01/01/1996;5'NUCLEOTIDASE (SANG);;;1;;;;1;3;;1;31/01/2012
1526;11;0;25;01/01/1996;CREATINE PHOSPHOKINASE MB (SANG);;;1;;;;;3;;1;13/04/2014
1527;11;0;40;01/01/1996;PYRUVATE KINASE (SANG);;;1;;;;;2;;1;01/01/1996
1533;11;0;60;01/01/1996;LYSOZYME OU MURAMIDASE (SANG);;;1;;;;;2;;1;27/03/1997
1519;11;0;60;14/02/1997;LYSOZYME OU MURAMIDASE (URINE);;;1;;;;;2;;;27/03/1997
2258;12;0;6;14/02/1997;PROTEINES SERIQUES OU PLASMATIQUES TOTALES (PROTIDES);;;1;;;;;2;;1;01/04/2017
0570;12;0;53;01/01/1996;ELECTROPHORESE DES PROTEINES SERIQUES (PROTEINOGRAMME);;;1;;;;;7;1;1;13/04/2014
1804;12;0;9;25/11/2003;CRP (PROTEINE C REACTIVE) (DOSAGE) (SANG);;;1;;;;;2;;1;20/04/2016
1805;12;0;25;10/12/2003;ALPHA 2 MACROGLOBULINE (ALPHA 2 MACROGLO) (DOSAGE) (SANG);;;1;4;;;;2;;1;18/06/2011
1806;12;0;6;10/12/2003;ALBUMINE (DOSAGE) (SANG);;;1;4;;;;2;;1;01/04/2017
1807;12;0;30;10/12/2003;ALPHA 1 ANTITRYPSINE (DOSAGE) (SANG);;;1;4;;;;2;;1;11/02/2011
1808;12;0;30;11/12/2003;OROSOMUCOIDE (ALPHA 1 GLYCOPROTEINE ACIDE) (DOSAGE) (SANG);;;1;4;;;;2;;1;11/02/2011
0324;12;0;35;01/01/1996;BETA 2 MICROGLOBULINE (DOSAGE) (SANG);;;1;4;;;;2;;1;28/01/2004
0321;12;0;35;14/02/1997;BETA 2 MICROGLOBULINE (DOSAGE) (AUTRE MILIEU BIOLOGIQUE QUE SANG);;;1;4;;;;2;;;28/01/2004
1809;12;0;30;11/12/2003;CERULEOPLASMINE (DOSAGE) (SANG);;;1;4;;;;2;;1;11/02/2011
1810;12;0;35;11/12/2003;C1 INHIBITEUR (DOSAGE) (SANG);;;1;4;;;;2;;1;28/01/2004
1811;12;0;25;11/12/2003;C3 (DOSAGE) (SANG);;;1;4;;;;2;;1;11/02/2011
1812;12;0;25;11/12/2003;C4 (DOSAGE) (SANG);;;1;4;;;;2;;1;11/02/2011
1813;12;0;20;11/12/2003;HAPTOGLOBINE (DOSAGE) (SANG);;;1;4;;;;2;;1;18/06/2011
1814;12;0;25;11/12/2003;IGA (DOSAGE) (SANG);;;1;4;;;;2;;1;11/02/2011
1815;12;0;25;11/12/2003;IGG (DOSAGE) (SANG);;;1;4;;;;2;;1;11/02/2011
1816;12;0;25;11/12/2003;IGM (DOSAGE) (SANG);;;1;4;;;;2;;1;11/02/2011
1817;12;0;20;11/12/2003;PREALBUMINE (DOSAGE) (SANG);;;1;4;;;;2;;1;11/02/2011
1818;12;0;35;11/12/2003;RBP (RETINOL BINDING PROTEIN) (DOSAGE) (SANG);;;1;4;;;;2;;1;28/01/2004
1819;12;0;14;11/12/2003;TRANSFERRINE (SIDEROPHYLLINE) (DOSAGE) (SANG);;;1;4;;;;2;;1;13/04/2014
1385;12;0;66;01/01/1996;IGA + IGG + IGM (DOSAGES) (SANG);;;1;;;;1;7;1;1;11/02/2011
1571;12;0;160;01/01/1996;DYSGLOBULINEMIE : RECH, TYPAGE (IMMUNOELECTROPHORESE OU IMMUNOFIXATION);;;1;;;;1;7;;1;08/02/2009
1572;12;0;200;01/01/1996;DYSGLOBULINEMIE : ELECTROPHORESE (PROTEINOGRAMME) + TYPAGE;;;1;;;;1;7;;1;08/02/2009
1573;12;0;20;01/01/1996;CRYOGLOBULINES (SANG);;;1;;;;;2;;1;28/01/2004
1392;12;0;70;30/07/1997;IMMUNOGLOBULINES IGG1, IGG2, IGG3, IGG4 : 1 PARAMETRE (DOSAGE) (SANG);;;1;;;;;2;;1;28/01/2004
1393;12;0;130;30/07/1997;IMMUNOGLOBULINES IGG1, IGG2, IGG3, IGG4 : 2 PARAMETRES (DOSAGES) (SANG);;;1;;;;;7;;1;28/01/2004
1394;12;0;190;30/07/1997;IMMUNOGLOBULINES IGG1, IGG2, IGG3, IGG4 : 3 PARAMETRES OU PLUS (DOSAGES) (SANG);;;1;;;;;7;;1;28/01/2004
0779;12;0;55;30/07/1997;TRANSFERRINE DESIALYLEE OU DEGLYCOSYLEE (CDT) (DOSAGE) (SANG);;;1;;;;;2;;1;11/02/2011
1374;12;0;45;01/01/1996;VITAMINE B 12 (DOSAGE) (SANG);;;1;;;;;2;;1;31/01/2012
1387;12;0;45;01/01/1996;FOLATES SERIQUES OU ERYTHROCYTAIRES (DOSAGE) (SANG);;;1;;;;;2;;1;31/01/2012
7301;12;0;90;30/07/1997;VITAMINE A (DOSAGE) (SANG);;;1;;;;;2;;1;01/04/2017
7302;12;0;100;30/07/1997;VITAMINE E (DOSAGE) (SANG);;;1;;;;;2;;1;19/01/2010
7305;12;0;90;30/07/1997;VITAMINE B6 (DOSAGE) (SANG);;;1;;;;;2;;1;01/04/2017
1139;12;0;39;01/07/1999;25-(OH)-VITAMINE D (D2+D3);;;1;;1;;;2;;1;01/04/2017
1820;12;0;80;27/11/2003;DERIVES DIHYDROXYLES DE LA VITAMINE D (DOSAGE) (SANG);;;1;;;;;2;;1;01/04/2017
0316;12;0;30;01/01/1996;COMPLEMENT CH50 PAR REACTION D'HEMOLYSE (DOSAGE) (SANG);;;1;;;;;2;;1;08/02/2009
1575;12;0;35;01/01/1996;MYOGLOBINE (DOSAGE) (SANG);;;1;;;;;2;;1;13/04/2014
7335;12;0;65;01/07/1999;TROPONINE (DOSAGE) (SANG);;;1;;;;;2;;1;01/04/2017
1821;12;0;75;27/11/2003;PEPTIDES NATRIURETIQUES (ANP, BNP, NT-PROBNP) (DOSAGE) (SANG);;;1;;;;;2;;1;01/04/2017
1577;12;0;27;01/01/1996;HBA1C (DOSAGE) (SANG);;;1;;1;;;2;1;1;01/04/2017
1576;12;0;30;01/01/1996;PROTEINES GLYQUEES (FRUCTOSAMINE, ...) (DOSAGE) (SANG);;;1;;1;;;2;;1;19/01/2010
7307;12;0;80;30/07/1997;PROCALCITONINE (DOSAGE) (SANG);;;1;;;;;2;;1;31/01/2012
7308;12;0;75;30/07/1997;ACIDE HYALURONIQUE (DOSAGE) (SANG);;;1;;;;;2;;1;18/06/2011
7309;12;0;90;30/07/1997;PHOSPHATASE ALCALINE OSSEUSE (DOSAGE) (SANG);;;1;;;;;2;;1;19/01/2010
7310;12;0;70;30/07/1997;DEOXYPYRIDINOLINE ET PEPTIDES ASSOCIES (DOSAGE);;;1;;;;;2;;1;31/01/2012
1213;12;0;28;01/08/2000;FERRITINE (DOSAGE) (SANG);;;1;;;;;2;1;1;01/04/2017
7311;12;0;70;30/07/1997;FERRITINE ERYTHROCYTAIRE (DOSAGE) (SANG);;;1;;;;;2;1;1;28/01/2004
1822;12;0;60;27/11/2003;RECEPTEUR SOLUBLE DE LA TRANSFERRINE (RSTF) (DOSAGE) (SANG);;;1;;;;;2;;1;28/01/2004
0320;12;0;60;01/01/1996;ALPHA-FOETOPROTEINE (AFP) (DOSAGE) (SANG);;;1;;;;;2;1;1;01/04/2017
7317;12;0;75;30/07/1997;SOUS UNITE BETA HCG LIBRE (DOSAGE) (SANG);;;1;;1;;;2;1;1;19/01/2010
7318;12;0;40;30/07/1997;ANTIGENE PROSTATIQUE SPECIFIQUE (PSA) (DOSAGE) (SANG);;;1;;;;;2;1;1;01/04/2017
7320;12;0;65;30/07/1997;ANTIGENE PROSTATIQUE SPEC. LIBRE AVEC RAPPORT PSA LIBRE/PSA TOTAL (DOSAGE SANG);;;1;;1;;;6;1;1;01/04/2017
7321;12;0;55;30/07/1997;ANTIGENE CA 15-3 (DOSAGE) (SANG);;;1;;1;;;2;1;1;11/02/2011
7323;12;0;60;30/07/1997;ANTIGENE CA 19-9 (DOSAGE) (SANG);;;1;;1;;;2;1;1;11/02/2011
7325;12;0;60;30/07/1997;ANTIGENE CA 125 (DOSAGE) (SANG);;;1;;1;;;2;1;1;11/02/2011
1823;12;0;80;27/11/2003;ANTIGENE CA 125 (DOSAGE) (AUTRE MILIEU BIO.);;;1;;;;;2;1;;28/01/2004
7327;12;0;50;30/07/1997;ANTIGENE CARCINO-EMBRYONNAIRE (ACE) (DOSAGE) (SANG);;;1;;1;;;2;1;1;01/04/2017
0812;12;0;86;01/01/1996;AG DU CARCINOME A CELLULES SQUAMEUSES (SCC) (DOSAGE) (SANG);;;1;;;;;2;1;1;20/04/2016
0813;12;0;90;01/01/1996;AG TISSULAIRE POLYPEPTIDIQUE (TPA) (DOSAGE) (SANG);;;1;;;;;2;1;1;19/01/2010
1824;12;0;90;27/11/2003;CHROMOGRANINE (DOSAGE) (SANG);;;1;;;;;2;1;1;19/01/2010
1132;12;0;70;01/07/1999;CALCITONINE (DOSAGE) (SANG);;;;;;;;2;1;1;01/04/2017
0822;12;0;90;30/07/1997;CYFRA 21-1 (DOSAGE) (SANG);;;1;;;;;2;1;1;13/04/2014
0814;12;0;79;01/01/1996;ENOLASE (NSE) (DOSAGE) (SANG);;;1;;;;;2;1;1;13/04/2014
0785;12;0;70;30/07/1997;PARATHORMONE PTHRP (DOSAGE) (SANG);;;1;;;;;2;1;1;19/01/2010
0821;12;0;60;01/01/1996;THYROGLOBULINE (DOSAGE) (SANG);;;1;;;;;2;1;1;13/04/2014
1825;12;0;100;27/11/2003;PARAMETRES TISSULAIRES EN CANCEROLOGIE : DOSAGE;;;3;;1;;;7;;;28/01/2004
1826;12;0;100;27/11/2003;PARAMETRES TISSULAIRES EN CANCEROLOGIE : TRAITEMENT PRE-ANALYTIQUE;;;;;1;;1;7;;;28/01/2004
0530;13;1;7;01/01/1996;SANG : ACIDE LACTIQUE (LACTATES);;;1;;;;;2;;1;31/01/2012
0532;13;1;6;01/01/1996;SANG : ACIDE URIQUE (URICEMIE);;;1;;;;;2;;1;01/04/2017
0536;13;1;35;01/01/1996;SANG : AMMONIAQUE;;;1;;;;;2;;1;11/02/2011
0547;13;1;30;01/01/1996;SANG : CUIVRE (CUPREMIE , CU);;;1;;;;;2;;1;11/12/2005
2003;13;1;30;05/11/2008;SANG : ZINC PLASMATIQUE OU SERIQUE;;;1;;1;;;2;;1;25/12/2008
0548;13;1;7;01/01/1996;SANG : FER SERIQUE (SIDEREMIE , FE);;;1;;;;;2;1;1;31/01/2012
2000;13;1;14;20/09/2005;SANG : CAPACITE TOTALE DE SATURATION EN FER DE LA TRANSFERRINE (CTST);;;1;;;;;2;;1;13/04/2014
0552;13;1;5;01/01/1996;SANG : GLUCOSE (GLYCEMIE);;;;;;;;2;1;1;08/02/2009
0563;13;1;6;01/01/1996;SANG : PHOSPHORE MINERAL (PHOSPHOREMIE , P);;;1;;;;;2;;1;01/04/2017
0578;13;1;6;01/01/1996;SANG : CALCIUM (CALCEMIE, CA);;;1;;;;;2;;1;01/04/2017
0584;13;1;6;01/01/1996;SANG : MAGNESIUM PLASMATIQUE OU GLOBULAIRE (MAGNESEMIE , MG);;;2;;;;;2;1;1;01/04/2017
0591;13;1;6;01/01/1996;SANG : UREE;;;1;;;;;2;;1;01/04/2017
0592;13;1;6;14/02/1997;SANG : CREATININE;;;1;;;;;6;1;1;01/04/2017
0593;13;1;7;14/02/1997;SANG : UREE ET CREATININE;;;1;;;;;6;1;1;01/04/2017
1601;13;1;8;01/01/1996;SANG : BILIRUBINE (BIL);;;1;;;;;6;;1;20/04/2016
0580;13;1;5;01/01/1996;SANG : CHOLESTEROL TOTAL (CHOL);;;1;;;;;2;1;1;27/11/2009
0590;13;1;6;01/01/1996;SANG : TRIGLYCERIDES (TG);;;1;;;;;2;1;1;01/04/2017
0996;13;1;21;01/07/1999;SANG : EXPLORATION D'UNE ANOMALIE LIPIDIQUE;;;1;;1;;1;6;1;1;01/04/2017
1603;13;1;7;01/01/1996;SANG : APOLIPOPROTEINE A1;;;1;;1;;1;2;1;1;13/04/2014
1602;13;1;7;01/01/1996;SANG : APOLIPOPROTEINES B;;;1;;1;;1;2;1;1;13/04/2014
2001;13;1;18;20/09/2005;SANG : CHOLESTEROL-LDL (C-LDL);;;1;;1;;1;2;1;1;01/04/2017
1607;13;1;15;01/01/1996;SANG : OSMOLARITE;;;1;;;;;2;;1;11/02/2011
0571;13;1;6;01/01/1996;SANG : BICARBONATES OU CO2 TOTAL (RESERVE ALCALINE, RA);;;1;;;;;2;1;1;01/04/2017
1608;13;1;6;01/01/1996;SANG : POTASSIUM (K);;;1;;;;;2;1;1;01/04/2017
1609;13;1;12;01/01/1996;SANG : IONOGRAMME (NA+K+ EVENTUELLEMENT CL);;;1;;;;;6;1;1;20/04/2016
1610;13;1;23;01/01/1996;SANG : IONOGRAMME COMPLET (NA + K + CL + CO2 + PROTIDES);;;1;;;;;6;1;1;01/04/2017
0559;13;1;25;01/01/1996;SANG : METHEMOGLOBINE (METHB);;;1;;;;;2;;1;11/02/2011
1612;13;1;7;01/01/1996;SANG : SATURATION EN O2 (SAO2);;;;;;;;2;;1;31/01/2012
0999;13;1;75;01/07/1999;SANG : GAZ DU SANG;;;;;1;;;7;1;1;31/01/2012
1000;13;1;140;01/03/2011;SCORE BIOLOGIQUE FIBROSE HEPATIQUE - FIBROTEST;;;1;;1;;;7;;1;18/06/2011
1001;13;1;140;01/03/2011;SCORE BIOLOGIQUE FIBROSE HEPATIQUE - FIBROMETRE V;;;1;;1;;;7;;1;18/06/2011
1002;13;1;140;01/03/2011;SCORE BIOLOGIQUE FIBROSE HEPATIQUE - HEPASCORE;;;1;;1;;;7;;1;18/06/2011
0603;13;2;10;01/01/1996;LCR : GLUCOSE (GLUCORACHIE);;;1;;;;1;2;;;11/12/2005
1613;13;2;9;01/01/1996;LCR : PROTEINES TOTALES (PROTEINORACHIE);;;1;;;;1;2;;;17/04/2013
0611;13;2;70;01/01/1996;LCR : ELECTROPHORESE DES PROTEINES;;;1;;;;;7;;;11/12/2005
1614;13;2;35;01/01/1996;LCR : 1 PROTEINE : DOSAGE;;;1;;;;;2;;;11/12/2005
1615;13;2;70;01/01/1996;LCR : 2 PROTEINES OU PLUS : DOSAGES;;;1;;;;;2;;;11/12/2005
1616;13;2;180;01/01/1996;LCR : DYSGLOBULINORACHIE : RECH. OU TYPAGE;;;1;;;;;7;;;11/12/2005
0614;13;2;230;01/01/1996;LCR : DYSGLOBULINORACHIE : ELECTROPHORESE ET TYPAGE;;;1;;;;1;7;;;11/12/2005
2004;13;3;4;20/09/2005;UR. PROTEINURIE;;;1;;;;;6;;;11/12/2005
0635;13;3;55;01/01/1996;UR. : ELECTROPHORESE DES PROTEINES(PROTEINOGRAMME);;;1;;;;;7;;;11/02/2011
1133;13;3;15;01/07/1999;UR. : MICROALBUMINURIE : DOSAGE;;;1;;1;;;7;;;31/01/2012
1619;13;3;180;01/01/1996;UR. : PROTEINURIE DE BENCE JONES:RECHERCHE ET IDENTIFICATION;;;1;;;;1;7;;;11/12/2005
1620;13;3;140;01/01/1996;UR. : PROTEINURIE : TYPAGE;;;1;;;;;7;;;11/12/2005
0990;13;3;60;01/01/1996;UR. : ACIDES AMINES LIBRES CARACTERISATION PAR CHROMATO.;;;1;;;;;2;;;11/12/2005
0991;13;3;80;01/01/1996;UR. : ACIDES AMINES TOTAUX CARACTERISATION PAR CHROMATO.;;;1;;;;;2;;;11/12/2005
1621;13;3;12;01/01/1996;UR. : POTASSIUM ET SODIUM (IONOGRAMME, K + NA);;;1;;;;;6;;;17/04/2013
2005;13;3;6;20/09/2005;UR. : SODIUM;;;1;;;;;2;;;01/04/2017
2006;13;3;6;20/09/2005;UR. : POTASSIUM;;;1;;;;;2;;;01/04/2017
0620;13;3;5;01/01/1996;UR. : ACETONE  (ACETONURIE);;;1;;;;;2;;;11/12/2005
0622;13;3;7;01/01/1996;UR. : ACIDE URIQUE  (URICURIE);;;1;;;;;2;;;11/02/2011
0624;13;3;6;01/01/1996;UR. : CALCIUM (CALCIURIE);;;1;;;;;2;;;01/04/2017
0627;13;3;6;01/01/1996;UR. : CREATININE (CREATININURIE);;;1;;;;1;2;;;01/04/2017
0629;13;3;6;01/01/1996;UR. : PHOSPHORE MINERAL(PHOSPHATURIE);;;1;;;;;2;;;01/04/2017
0630;13;3;7;01/01/1996;UR. : PH : MESURE ELECTROMETRIQUE;;;1;;;;;2;;;11/02/2011
0631;13;3;5;01/01/1996;UR. : PIGMENTS ET SELS BILIAIRES : RECH.;;;1;;;;;2;;;11/12/2005
0637;13;3;5;01/01/1996;UR. : PORPHYRINES : RECH.;;;1;;;;;2;;;11/12/2005
0638;13;3;70;01/01/1996;UR. : PORPHYRINES : RECH., DOSAGE,  IDENTIFICATION;;;1;;;;;6;;;11/12/2005
0640;13;3;7;01/01/1996;UR. : RECHERCHE DE SANG (HEMATIES ET/OU HEMOGLOBINE);;;1;;;;;2;1;;17/04/2013
2007;13;3;4;20/09/2005;UR. : GLYCOSURIE;;;1;;;;;2;1;;11/12/2005
0647;13;3;5;01/01/1996;UR. : UROBILINE : RECH.;;;1;;;;;2;;;11/12/2005
0992;13;3;50;01/01/1996;UR. : HYDROXYPROLINE TOTALE ET LIBRE(HYDROXYPROLINURIE);;;1;;;;;2;;;19/01/2010
2008;13;3;30;24/01/2007;UR. : CUIVRE;;;1;;1;;;2;;;30/04/2007
2009;13;3;40;20/09/2005;UR. : CRISTALLURIE;;;1;;1;;;6;;;11/12/2005
2010;13;3;30;20/09/2005;UR. : OXALURIE;;;1;;1;;;2;;;11/12/2005
2011;13;3;30;20/09/2005;UR. : CITRATURIE;;;1;;1;;;2;;;11/12/2005
2012;13;3;15;20/09/2005;UR. : MAGNESURIE;;;1;;1;;;2;;;11/12/2005
2013;13;3;65;20/09/2005;UR. : OXALURIE + CITRATURIE + MAGNESURIE;;;1;;1;;;6;;;11/12/2005
1414;13;4;60;01/01/1996;TEST AU XYLOSE;;;1;;;;;7;;1;25/12/2008
1416;13;4;60;07/11/2008;ALPHA 1 ANTITRYPSINE FECALE;;;1;;;;;3;;;25/12/2008
1415;13;4;100;01/01/1996;CLAIRANCE FECALE DE L'ALPHA 1 ANTITRYPSINE;;;1;;;;;7;;1;25/12/2008
1622;13;4;70;01/01/1996;EXAMEN PHYSIQUE COMPLET D'UNE SELLE;;;1;;;;1;7;;;25/12/2008
1417;13;4;50;07/11/2008;SELLES : EXAMEN MICROSCOPIQUE DIRECT DES GRAISSES;;;1;;;;1;7;;;25/12/2008
0666;13;4;90;01/01/1996;SELLES : LIPIDES TOTAUX;;;1;;;;;3;;;25/12/2008
1624;13;4;70;01/01/1996;AZOTE FECAL TOTAL;;;1;;;;;3;;;25/12/2008
1418;13;4;40;07/11/2008;AZOTE FECAL SOLUBLE;;;1;;;;1;3;;;25/12/2008
1626;13;4;45;01/01/1996;IONOGRAMME FECAL;;;1;;;;1;7;;;25/12/2008
1627;13;4;65;01/01/1996;OSMOLARITE FECALE;;;1;;;;;7;;;25/12/2008
1419;13;4;10;07/11/2008;SELLES : PH;;;1;;;;;3;;;25/12/2008
1500;13;4;10;07/11/2008;SELLES : PIGMENTS BILIAIRES;;;1;;;;;3;;;25/12/2008
1501;13;4;40;07/11/2008;SELLES : ACIDES ORGANIQUES;;;1;;;;;3;;;25/12/2008
1502;13;4;40;07/11/2008;SELLES : AMMONIAQUE/DERIVES AMINES;;;1;;;;;3;;;25/12/2008
1630;13;4;350;01/01/1996;FECALOGRAMME (COPROLOGIE FONCTIONNELLE);;;1;;;;;7;;;25/12/2008
1503;13;4;80;07/11/2008;CALORIMETRIE FECALE;;;1;;;;;3;;;25/12/2008
1504;13;4;50;07/11/2008;SELLES : CONTAMINATION URINAIRE;;;1;;;;;7;;;25/12/2008
1505;13;4;30;07/11/2008;EXAMEN URINES : MISE EN EVIDENCE FISTULE ENTERO-VESICALE;;;1;;;;;3;;;25/12/2008
1629;13;4;20;01/01/1996;SELLES : RECHERCHE DE SANG;;;3;;;;1;3;;;13/04/2014
1506;13;4;120;07/11/2008;ELASTASE FECALE;;;1;;1;;;3;;;25/12/2008
1628;13;4;60;01/01/1996;ACTIVITE CHYMOTRYPSIQUE FECALE;;;1;;;;1;3;;;25/12/2008
1507;13;4;60;07/11/2008;TEST A L'HYDROGENE EXPIRE : PRELEVEMENTS;;;1;;;;;7;;;25/12/2008
1508;13;4;200;07/11/2008;TEST A L'HYDROGENE EXPIRE : MESURES;;;1;;;;;7;;;25/12/2008
1682;13;4;120;07/11/2008;RECHERCHE LAXATIFS DANS LES URINES;;;1;;;;;7;;;25/12/2008
1683;13;4;170;07/11/2008;RECHERCHE LAXATIFS DANS LES SELLES;;;1;;;;;7;;;25/12/2008
1632;13;7;100;01/01/1996;CALCULS : PAR ANALYSE SEQUENTIELLE OPTIQUE ET PHYSIQUE ( I.R. );;;1;;;;;3;;;11/12/2005
0691;13;8;9;01/01/1996;LIQUIDES DE SEROSITE : PROTEINES : DOSAGE;;;;;;;1;2;;;17/04/2013
0693;13;8;60;01/01/1996;LIQUIDES DE SEROSITE :ELECTROPHORESE DES PROTEINES(PROTEINOGRAMME);;;;;;;;3;;;11/12/2005
1633;13;8;35;01/01/1996;LIQUIDES DE SEROSITE : 1 PROTEINE : DOSAGE;;;;;;;;2;;;11/12/2005
1634;13;8;70;01/01/1996;LIQUIDES DE SEROSITE : 2 PROTEINES OU PLUS : DOSAGES;;;;;;;;6;;;11/12/2005
1635;13;9;50;01/01/1996;EPREUVE DE LA SUEUR PAR METHODE PHYSICO-CHIMIQUE;;;1;;;;;2;;;11/12/2005
0407;13;10;30;01/01/1996;CLAIRANCE (RENALE) DE LA CREATININE;;;1;;;;;6;;1;11/12/2005
0412;13;10;40;01/01/1996;EPREUVE D'HYPERGLYCEMIE PROVOQUEE (H.P.O., H.G.P.O.);;;1;;;;;6;1;1;08/02/2009
0413;13;10;20;01/01/1996;EPREUVE SIMPLIFIEE D'HYPERGLYCEMIE;;;1;;;;1;6;1;1;11/12/2005
1650;14;0;70;01/01/1996;ANTIBIOTIQUE(AMINOSIDES,VANCOMYCINE,...) : UN DOSAGE (SANG);;;;;;;;6;;1;01/01/1996
1651;14;0;120;01/01/1996;ANTIBIOTIQUE (AMINOSIDES,VANCOMYCINE,...):DEUX DOSAGES DU MEME (SANG);;;;;;;;6;;1;01/01/1996
1652;14;0;80;01/01/1996;ISONIAZIDE (INH , RIMIFON) (SANG);;;2;;;;;6;;1;01/01/1996
1653;14;0;120;01/01/1996;ISONIAZIDE (INH,RIMIFON)ET SON METABOLITE (SANG);;;2;;;;;6;;1;01/01/1996
4117;14;0;120;22/12/2004;CONCENTRATIONS PLASMATIQUES DES ANTIRETROVIRAUX;;1;;;1;;;6;;1;31/01/2005
1054;14;0;70;01/01/1996;CICLOSPORINE A (SANDIMMUN) (SANG);;;1;;;;;6;;1;11/11/2007
1376;14;0;120;01/01/1996;CICLOSPORINE APRES CHROMATOGRAPHIE (SANDIMMUN) (SANG);;;1;;;;;6;;1;30/07/1997
1377;14;0;70;07/02/2001;DOSAGE AUTRE IMMUNOSUPRESSEUR (TACROLIMUS, SIROLIMUS, EVEROLIMUS,...);;;1;;1;;;6;;1;30/04/2007
1655;14;0;80;01/01/1996;METHOTREXATE (SANG);;;1;;;;;6;;1;01/01/1996
1656;14;0;120;01/01/1996;METHOTREXATE ET SON METABOLITE (SANG);;;1;;;;;6;;1;01/01/1996
1657;14;0;140;01/01/1996;ANTITUMORAUX (AUTRES QUE METHOTREXATE) (SANG);;;;;;;;6;;1;27/03/1997
0657;14;0;140;14/02/1997;ANTITUMORAUX (AUTRES QUE METHOTREXATE) DANS UN AUTRE LIQ BIO QUE SANG;;;;;;;;6;;;27/03/1997
0335;14;0;50;01/01/1996;THEOPHYLLINE (SANG);;;1;;;;;6;;1;11/02/2011
1649;14;0;70;14/02/1997;THEOPHYLLINE DANS UN AUTRE LIQUIDE BIOLOGIQUE QUE LE SANG;;;1;;;;;6;;;27/03/1997
1658;14;0;70;01/01/1996;CAFEINE (EN PEDIATRIE);;;1;;;;;6;;1;01/01/1996
1659;14;0;95;01/01/1996;ANALGESIQUES OU STUPEFIANTS NON NOMMEMENT INSCRITS A LA NABM (SANG);;;;;1;;;6;;1;31/01/2012
0659;14;0;90;14/02/1997;ANALGESIQUES OU STUPEFIANTS NON INSCRITS A LA NABM (AUTRE LIQ BIO QUE SANG);;;;;1;;;6;;;13/04/2014
1660;14;0;50;01/01/1996;ACIDE SALICYLIQUE : DOSAGE;;;1;;1;;;6;;1;01/01/1996
1661;14;0;70;01/01/1996;PARACETAMOL : DOSAGE;;;1;;1;;;6;;1;01/01/1996
1662;14;0;100;01/01/1996;PSYCHOTROPES NON NOMMEMENT INSCRITS A LA NABM  (SANG);;;;;;;;6;;1;31/01/2012
0662;14;0;100;14/02/1997;PSYCHOTROPES NON INSCRITS A LA NABM DANS UN AUTRE LIQ BIO QUE SANG;;;;;;;;6;;;31/01/2012
1663;14;0;70;01/01/1996;ANTIDEPRESSEURS TRICYCLIQUES : RECHERCHE (SANG);;;;;;;;6;;1;27/03/1997
0663;14;0;70;14/02/1997;ANTIDEPRESSEURS TRICYCLIQUES : RECH DANS UN AUTRE LIQ QUE SANG;;;;;;;;6;;;27/03/1997
1664;14;0;120;01/01/1996;ANTIDEPRESSEURS AUTRES QUE TRICYCLIQUES : RECHERCHE (SANG);;;;;;;;6;;1;27/03/1997
0664;14;0;120;14/02/1997;ANTIDEPRESSEURS AUTRES QUE TRICYCLIQUES DANS UN AUTRE LIQ BIOL QUE LE SANG;;;;;;;;6;;;27/03/1997
1665;14;0;120;01/01/1996;ANTIDEPRESSEURS : DOSAGE SPECIFIQUE (SANG);;;;;;;;6;;1;27/03/1997
0665;14;0;120;14/02/1997;ANTIDEPRESSEURS : DOSAGE SPECIFIQUE DANS UN AUTRE LIQUIDE BIOLOGIQUE QUE LE SANG;;;;;;;;6;;;27/03/1997
1666;14;0;190;01/01/1996;ANTIDEPRESSEURS : RECHERCHE ET DOSAGE (SANG);;;;;1;;;6;;1;27/03/1997
0668;14;0;190;14/02/1997;ANTIDEPRESSEURS : RECHERCHE ET DOSAGE DANS UN AUTRE LIQUIDE BIOLOGIQUE QUE LE SG;;;;;1;;;6;;;27/03/1997
1667;14;0;70;01/01/1996;BENZODIAZEPINES : RECHERCHE (SANG);;;;;1;;;6;;1;27/03/1997
0667;14;0;70;14/02/1997;BENZODIAZEPINES : RECHERCHE DANS UN AUTRE LIQUIDE BIOLOGIQUE QUE LE SANG;;;;;1;;;6;;;27/03/1997
1668;14;0;120;01/01/1996;DIAZEPAM (VALIUM, ...) ET SON METABOLITE;;;1;;;;;6;;1;01/01/1996
1669;14;0;120;01/01/1996;CLONAZEPAM (RIVOTRIL);;;1;;;;;6;;1;01/01/1996
0325;14;0;65;01/01/1996;CARBAMAZEPINE (TEGRETOL);;;1;;;;;6;1;1;01/04/2017
0328;14;0;70;01/01/1996;ETHOSUXIMIDE (ZARONTIN);;;1;;;;;6;;1;01/01/1996
0340;14;0;65;01/01/1996;ACIDE VALPROIQUE (DEPAKINE);;;1;;;;;6;;1;08/02/2009
0332;14;0;55;01/01/1996;PHENITOINE (DIPHENYL-HYDANTOINE, DIHYDAN, ...);;;1;;;;;6;;1;11/02/2011
0333;14;0;55;01/01/1996;PHENOBARBITAL (GARDENAL, ...);;;1;;;;;6;;1;11/02/2011
1670;14;0;140;01/01/1996;PRIMIDONE (MYSOLINE) + PHENOBARBITAL (GARDENAL);;;1;;;;;6;;1;01/01/1996
1671;14;0;120;01/01/1996;ANTIEPILEPTIQUE NON NOMMEMENT INSCRIT A LA NABM (SANG);;;;;;;;6;;1;27/03/1997
0671;14;0;120;14/02/1997;ANTIEPILEPTIQUE NON INSCRIT A LA NABM (DANS UN AUTRE LIQUIDE BIOL QUE LE SANG);;;;;;;;6;;;27/03/1997
1672;14;0;70;01/01/1996;BARBITURIQUES : RECHERCHE (SANG);;;;;;;;6;;1;27/03/1997
0672;14;0;70;14/02/1997;BARBITURIQUES : RECHERCHE DANS UN AUTRE LIQUIDE BIOLOGIQUE QUE LE SANG;;;;;;;;6;;;27/03/1997
1673;14;0;120;01/01/1996;BARBITURIQUES (SAUF PHENOBARBITAL) : DOSAGE (SANG);;;;;;;;6;;1;27/03/1997
0673;14;0;120;14/02/1997;BARBITURIQUES (SAUF PHENOBARBITAL) : DOSAGE DANS UN AUTRE LIQ BIOL QUE LE SANG;;;;;;;;6;;;27/03/1997
1674;14;0;190;01/01/1996;BARBITURIQUES : RECHERCHE ET DOSAGE (SANG);;;;;1;;;6;;1;27/03/1997
0674;14;0;190;14/02/1997;BARTURIQUES : RECHERCHE ET DOSAGE DANS UN AUTRE LIQUIDE BIOLOGIQUE QUE LE SANG;;;;;1;;;6;;;27/03/1997
0327;14;0;65;01/01/1996;DIGOXINE OU DIGITOXINE (DIGITALINE);;;1;;;;;6;;1;01/04/2017
1675;14;0;70;01/01/1996;DISOPYRAMIDE (ISORYTHM, RYTHMODAN);;;1;;;;;6;;1;01/01/1996
1676;14;0;70;01/01/1996;LIDOCAINE (XYLOCAINE, ...);;;1;;;;;6;;1;01/01/1996
1677;14;0;70;01/01/1996;QUINIDINE OU HYDROQUINIDINE (SERECOR, NATISEDINE, CARDIOQUINE, LONGACOR);;;1;;;;;6;;1;01/01/1996
1678;14;0;120;01/01/1996;ANTIARYTHMIQUES NON NOMMEMENT INSCRITS A LA NABM;;;;;;;;6;;1;01/01/1996
1679;14;0;60;01/01/1996;ALUMINIUM (AL) (SANG);;;;;;;;6;;1;27/03/1997
0679;14;0;60;14/02/1997;ALUMINIUM (AL) DANS UN AUTRE LIQUIDE BIOLOGIQUE QUE LE SANG;;;;;;;;6;;;27/03/1997
0565;14;0;60;01/01/1996;PLOMB (PB , PLOMBEMIE) (SANG);;;;;;;;6;;1;27/03/1997
0566;14;0;60;14/02/1997;PLOMB (PB) DANS UN AUTRE LIQUIDE BIOLOGIQUE QUE LE SANG;;;;;;;;6;;;27/03/1997
1680;14;0;35;01/01/1996;OXYDE DE CARBONE DU SANG (CO);;;1;;;;;6;;1;01/01/1996
0557;14;0;20;01/01/1996;LITHIUM (LI , LITHIEMIE , LI SERIQUE , LI ERYTHROCYTAIRE) (SANG);;;2;;;;;6;1;1;30/03/1997
0567;14;0;20;14/02/1997;LITHIUM (LI) DANS UN AUTRE LIQUIDE BIOLOGIQUE QUE LE SANG;;;2;;;;;6;;;27/03/1997
0537;14;0;65;01/01/1996;BENZENE;;;1;;;;;6;;1;01/01/1996
0534;14;0;30;01/01/1996;ALCOOL (ETHYLIQUE OU METHYLIQUE);;;1;;;;;6;;1;11/02/2011
1690;14;0;300;01/07/1999;CORPS ASBESTOSIQUES (PARENCH. PULM., LBA, EXPECTORATION);;;;;;;;;;;12/07/1999
1691;14;0;200;22/10/2010;RECHERCHE ALLELE HLA-B*5701;;1;1;;1;1;;3;;1;15/03/2011
4101;16;1;150;01/01/1996;GENOME (ADN) : MYCOBACTERIES HYBRID MOLEC : DIAG D'ESPECE ET IDENT;;;;;;;1;6;;;30/07/1997
4102;16;1;250;01/01/1996;GENOME (ADN) : MYCOBACTERIES HYBRID MOLEC DANS TISSUS ET LCR;;;;;1;;;6;;;30/07/1997
4120;16;2;150;01/01/1996;GENOME (ADN) : VIRUS DE L'HEPATITE B (VHB): HYBRIDATION MOLECULAIRE;;;1;;1;;;6;1;1;30/03/1997
4122;16;2;200;13/10/1997;GENOME (ARN) VIH - 1 : CHARGE VIRALE;;1;1;;1;;;6;;1;01/04/2017
4128;16;2;240;06/11/2008;GENOME (ARN) VIH - 1 DANS PLASMA SEMINAL ET/OU FRACTION FINALE SPERMATOZOIDES;;1;2;;1;;;7;;;25/12/2008
0805;16;2;1100;22/12/2004;VIH : RESISTANCE GENOTYPIQUE AUX ANTIRETROVIRAUX (INHIBITEURS ENZYMATIQUES);;1;1;;1;;;6;;1;31/01/2005
0806;16;2;550;22/12/2004;VIH : RESISTANCE GENOTYPIQUE AUX ANTIRETROVIRAUX (INHIBITEURS DE FUSION,...);;1;1;;1;;;6;;1;31/01/2005
4123;16;2;180;07/02/2001;GENOME (ARN) VIRUS DE L'HEPATITE C (VHC) : HYBRID MOLEC : DETECTION QUALITATIVE;;1;1;;1;;;6;1;1;04/07/2006
4124;16;2;200;07/02/2001;GENOME (ARN) VIRUS DE L'HEPATITE C (VHC) CHARGE VIRALE : DETECTION QUANTITATIVE;;1;1;;1;;;6;1;1;01/04/2017
4125;16;2;350;07/02/2001;GENOTYPAGE DU VHC : BIOLOGIE MOLECULAIRE;;1;1;;1;;;6;1;1;04/07/2006
4126;16;2;200;07/02/2001;SEROTYPAGE DU VHC : METHODE IMMUNOLOGIQUE;;1;1;;1;;;6;1;1;14/03/2001
4118;16;2;180;22/12/2004;VHD : DETECTION QUALITATIVE ARN VIRAL;;;1;;1;;;6;;1;31/01/2005
4119;16;2;220;22/12/2004;VHD : DETECTION QUANTITATIVE ARN VIRAL;;;1;;1;;;6;;1;31/01/2005
4127;16;2;120;06/02/2004;PAPILLOMAVIRUS HUMAINS ONCOGENES (HPV) GENOME VIRAL;;;1;;1;;;7;;;01/04/2017
4001;17;1;500;05/04/1996;DPN : C. INDEX - ET. FAMILIALE : ORIENTATION : PROFILS METABOLIQUES;;1;;;;1;;;;1;05/04/1996
4002;17;1;120;05/04/1996;DPN : C. INDEX - ET. FAMILIALE : ORIENTATION : DOSAGE METABOLITE;;1;;;;1;;;;1;05/04/1996
4003;17;1;650;05/04/1996;DPN : C. INDEX - ET. FAMILIALE : ORIENT : IMMUNOCHIMIE PROT OU METAB SUR CELL;;1;;;;1;;;;1;05/04/1996
4010;17;1;1000;05/04/1996;DPN : C. INDEX - ET. FAMILIALE : ETUDE D'UN METABOLISME IN VITRO;;1;1;;;1;;;;1;05/04/1996
4011;17;1;100;05/04/1996;DPN : C. INDEX - ET. FAMILIALE : ENZ : SUBSTRAT NON ISOTOPIQUE - 1 ACTIVITE;;1;5;;;1;;;;1;05/04/1996
4012;17;1;500;05/04/1996;DPN : C. INDEX - ET. FAMILIALE : ENZ SUBSTRAT NON ISOTOPIQUE (TECHN. COMPLEXE);;1;1;;;1;;;;1;05/04/1996
4013;17;1;1200;05/04/1996;DPN : C. INDEX - ET. FAMILIALE : ENZ (SUBSTRAT ISOTOPIQUE);;1;1;;;1;;;;1;05/04/1996
4020;17;1;100;05/04/1996;DPN PROPREMENT DIT : ALPHA FOETO PROTEINE;;1;1;;;1;;;;1;05/04/1996
4021;17;1;150;05/04/1996;DPN PROPREMENT DIT - ACETYLCHOLINESTERASE AVEC ELECTROPHORESE;;1;1;;;1;;;;1;05/04/1996
4022;17;1;100;05/04/1996;DPN PROPREMENT DIT : ACTIVITE ENZ : TYPE PHOSPHATASE ALCALINE;;1;1;;;1;;;;1;05/04/1996
4023;17;1;250;05/04/1996;DPN PROPREMENT DIT : EXPLORATION THYROIDIENNE;;1;;;;1;;;;1;05/04/1996
4024;17;1;200;05/04/1996;DPN PROPREMENT DIT : MEDICAMENT;;1;;;;1;;;;1;05/04/1996
4025;17;1;150;05/04/1996;DPN PROPREMENT DIT : MARQUEUR TUMORAL;;1;;;;1;;;;1;05/04/1996
4026;17;1;1000;05/04/1996;DPN PROPREMENT DIT : ETUDE METABOLIQUE GLOBALE SUR CELLULES;;1;1;;;1;;;;1;05/04/1996
4027;17;1;500;05/04/1996;DPN PROPREMENT DIT : ETUDE ENZ SUR CELLULES (SUBSTRAT NON ISOTOPIQUE);;1;1;;;1;;;;1;05/04/1996
4028;17;1;1200;05/04/1996;DPN PROPREMENT DIT : ETUDE ENZ SUR CELLULES (SUBSTRAT ISOTOPIQUE);;1;1;;;1;;;;1;05/04/1996
4030;17;1;1250;05/04/1996;DPN : C. INDEX - ET. FAMILIALE : CULTURES CELLULAIRES;;1;1;;;1;;;;1;05/04/1996
4031;17;1;1000;05/04/1996;DPN PROPREMENT DIT : CULTURES CELLULAIRES;;1;1;;;1;;;;1;05/04/1996
4033;17;2;500;05/04/1996;DPN : C. INDEX - ET. FAMILIALE : MAL. HEREDITAIRES METABOLIQUES;;1;;;;1;;;;;05/04/1996
4034;17;2;700;05/04/1996;DPN PROPREMENT DIT : MAL. HEREDITAIRES METABOLIQUES;;1;;;;1;;;;;05/04/1996
4040;17;2;200;05/04/1996;DPN : ET. FAMILIALE : MUCOVISCIDOSE : 2 MUTATIONS, DONT DELTA F 508;;1;1;;;1;;;;;05/04/1996
4041;17;2;400;05/04/1996;DPN : ET. FAMILIALE : MUCOVISCIDOSE : PLUS DE 2 MUTATIONS;;1;1;;;1;;;;;05/04/1996
4042;17;2;500;05/04/1996;DPN : ET. FAMILIALE : MUCOVISCIDOSE : POLYMORPHISME DE L'ADN;;1;1;;;1;;;;;05/04/1996
4044;17;2;400;05/04/1996;DPN PROPREMENT DIT : MUCOVISCIDOSE : DELTA F 508;;1;1;;;1;;;;;05/04/1996
4045;17;2;600;05/04/1996;DPN PROPREMENT DIT : MUCOVISCIDOSE : AUTRES MUTATIONS QUE DELTA F 508;;1;1;;;1;;;;;05/04/1996
4046;17;2;700;05/04/1996;DPN PROPREMENT DIT  : MUCOVISCIDOSE : POLYMORPHISME DE L'ADN;;1;1;;;1;;;;;05/04/1996
4050;17;2;500;05/04/1996;DPN : ET. FAMILIALE : X FRAGILE;;1;1;;;1;;;;;05/04/1996
4051;17;2;700;05/04/1996;DPN PROPREMENT DIT : X FRAGILE;;1;1;;;1;;;;;05/04/1996
4052;17;2;500;05/04/1996;DPN : ET. FAMILIALE : MYOPATHIES DUCHENNE ET BECKER;;1;;;;1;;;;;05/04/1996
4053;17;2;700;05/04/1996;DPN PROPREMENT DIT : MYOPATHIES DUCHENNE ET BECKER;;1;;;;1;;;;;05/04/1996
4054;17;2;600;05/04/1996;DPN : DREPANOCYTOSE;;1;1;;;1;;;;;05/04/1996
4055;17;2;400;05/04/1996;DPN : BETA THALASSEMIE MAJEURE (2 MUTATIONS);;1;1;;;1;;;;;05/04/1996
4056;17;2;600;05/04/1996;DPN : BETA THALASSEMIE MAJEURE (+ DE 2 MUTATIONS);;1;1;;;1;;;;;05/04/1996
4057;17;2;700;05/04/1996;DPN : BETA-THALASSEMIE : POLYMORPHISME DE L'ADN;;1;1;;;1;;;;;05/04/1996
4058;17;2;500;05/04/1996;DPN : ALPHA-THALASSEMIE AVEC ANTECEDENTS FAMILIAUX CONNUS;;1;1;;;1;;;;;05/04/1996
4059;17;2;700;05/04/1996;DPN : ALPHA-THALASSEMIE SANS ANTECEDENTS FAMILIAUX CONNUS;;1;1;;;1;;;;;05/04/1996
4080;17;2;500;05/04/1996;DPN : ET. FAMILIALE : HEMOPHILIES;;1;;;;1;;;;;05/04/1996
4081;17;2;700;05/04/1996;DPN PROPREMENT DIT : HEMOPHILIES;;1;;;;1;;;;;05/04/1996
4082;17;2;500;05/04/1996;DPN : ET. FAMILIALE : AUTRES AFFECTIONS GENETIQUES;;1;;;;1;;;;;05/04/1996
4083;17;2;700;05/04/1996;DPN PROPREMENT DIT : AUTRES INFECTIONS GENETIQUES;;1;;;;1;;;;;05/04/1996
4060;17;3;300;05/04/1996;DPN : TOXOPLASME : CULTURE CELLULAIRE;;1;1;;;1;;;;1;05/04/1996
4061;17;3;300;05/04/1996;DPN : TOXOPLASME : INOCULATION A SOURIS;;1;1;;;1;;;;1;05/04/1996
4062;17;3;500;05/04/1996;DPN : TOXOPLASME : CULTURE CELLULAIRE + INOCULATION A SOURIS;;1;1;;;1;;;;1;05/04/1996
4063;17;3;600;05/04/1996;DPN : RECHERCHE DE L'ADN TOXOPLASMIQUE;;1;1;;;1;;;;1;05/04/1996
4064;17;3;150;05/04/1996;DPN : CYTOMEGALOVIRUS (CMV) : CULTURE;;1;1;;;1;;;;1;05/04/1996
4065;17;3;600;05/04/1996;DPN : RECHERCHE DE L'ADN DU CYTOMEGALOVIRUS (CMV);;1;1;;;1;;;;1;05/04/1996
4066;17;3;600;05/04/1996;DPN : RECHERCHE DE L'ADN DU VIRUS DE LA VARICELLE;;1;1;;;1;;;;1;05/04/1996
4067;17;3;150;05/04/1996;DPN : RUBEOLE : CULTURE;;1;1;;;1;;;;1;05/04/1996
4068;17;3;150;05/04/1996;DPN : RUBEOLE : INTERFERON;;1;1;;;1;;;;1;05/04/1996
4069;17;3;450;05/04/1996;DPN : RECHERCHE DE L'ARN DU VIRUS DE LA RUBEOLE;;1;1;;;1;;;;1;05/04/1996
4070;17;3;600;05/04/1996;DPN : RECHERCHE DE L'ADN DU PARVOVIRUS;;1;1;;;1;;;;1;05/04/1996
4075;17;4;700;05/04/1996;DPN : DEFICIT IMMUNOLOGIQUE (ADENOSINE DEAMINASE);;1;1;;;1;;;;1;05/04/1996
4076;17;4;400;05/04/1996;DPN : ALLOIMMUNISATION FOETO-MATERNELLE;;1;1;;;1;;;;1;05/04/1996
4077;17;4;600;05/04/1996;DPN : ALLOANTICORPS RESPONSABLE ANEMIE OU THROMBOPENIE;;1;1;;;1;;;;1;05/04/1996
4095;17;5;1500;05/04/1996;DPN : DEFICIT CONGENITAL EN FACTEUR DE L'HEMOSTASE (VIII , IX , W, PROT C, S..);;1;;;;1;;;;1;05/04/1996
4096;17;5;1500;05/04/1996;DPN : ANOMALIE DES PLAQUETTES (GLANZMANN ...);;1;;;;1;;;;1;05/04/1996
4097;17;5;500;05/04/1996;DPN : PURPURA THROMBOPENIQUE IDIOPATHIQUE (PTI);;1;;;;1;;;;1;05/04/1996
4006;17;6;170;28/10/2009;DPN : TRISOMIE 21 FOETALE : DEPISTAGE COMBINE 1ER TRIMESTRE DE LA GROSSESSE;;1;1;;1;1;;7;;1;01/04/2017
4005;17;6;150;28/10/2009;DPN : TRISOMIE 21 FOETALE : DEPISTAGE SEQUENTIEL INTEGRE AU 2E TRIMESTRE;;1;1;;1;1;;7;;1;01/04/2017
4004;17;6;120;01/07/1999;DPN : TRISOMIE 21 FOETALE : DEPISTAGE 2E TRIMESTRE, MARQUEURS SERIQUES MATERNELS;;1;1;;1;1;;7;;1;01/04/2017
8000;18;0;180;24/01/2007;HEMOCHROMATOSE : RECHERCHE DE LA MUTATION C 282Y DU GENE HFE1;;;1;;1;1;;2;;1;30/04/2007
5258;19;0;140;22/10/2010;RECHERCHE BORDETELLA PERTUSSIS ET BORDETELLA PARAPERTUSSIS PAR AMPLIFICATION GEN;;;1;;1;;1;3;;;15/03/2011
5257;19;0;85;30/07/1997;GENOME : CHLAMYDIA TRACHOMATIS (ADN,ARN) : HYBRID MOLEC AVEC AMPLI GENIQUE;;;1;;1;;1;6;;;04/11/2011
1307;19;0;40;01/01/1996;INF. UROGENITALES A CHLAMYDIA TRACHOMATIS : SD;;;1;;1;;;7;1;1;04/11/2011
5262;19;0;100;25/08/2014;LEPTOSPIRA DETECTION ADN (DANS 10 PREMIERS JOURS);;;1;;1;;;3;;1;04/09/2014
4718;19;0;40;25/08/2014;LEPTOSPIRA - RECHERCHE IGM (A PARTIR DE J7);;;1;;1;;;7;;1;04/09/2014
5259;19;0;180;25/08/2014;VIRUS DU CHIKUNGUNYA - DETECTION ARN (ENTRE J0 ET J7);;;1;;1;;;3;;1;04/04/2016
1254;19;0;90;25/08/2014;VIRUS DU CHIKUNGUNYA - RECHERCHE IGM ET DES IGG (A PARTIR DE J5);;;1;;1;;;7;;1;04/09/2014
3254;19;0;135;25/08/2014;VIRUS DU CHIKUNGUNYA - RECHERCHE IGM ET DES IGG (A PARTIR DE J5)+EXAMEN ITERATIF;;;1;;1;;;7;;1;04/09/2014
5260;19;0;180;25/08/2014;VIRUS DENGUE - DETECTION ARN (JUSQU'A J7);;;1;;1;;;3;;1;04/04/2016
4273;19;0;50;27/08/2010;DENGUE DETECTION ANTIGENE NS1 (DE J1 A J5);;;1;;1;;;;;1;04/04/2016
1255;19;0;90;25/08/2014;VIRUS DENGUE - IGG ET IGM  (A PARTIR J5);;;1;;1;;;7;;1;04/09/2014
3255;19;0;135;25/08/2014;VIRUS DENGUE - IGG ET IGM  (A PARTIR J5) + EXAMEN ITERATIF;;;1;;1;;;7;;1;04/09/2014
5261;19;0;250;05/03/2014;VIRUS DENGUE ET CHIKUNGUNYA - DETECTION ARN (JUSQU'A J7);;;1;;1;;;7;;1;04/04/2016
5263;19;0;180;05/04/2016;VIRUS ZIKA DETECTION ARN (ENTRE J0 ET J7) (SANG);;;1;;1;;;4;;1;04/04/2016
5264;19;0;180;05/04/2016;VIRUS ZIKA - DETECTION ARN (ENTRE J0 ET J 10)(URINE);;;1;;1;;;4;;;04/04/2016
5265;19;0;320;05/04/2016;VIRUS DENGUE-CHIKUNGUNYA-ZIKA-ARN(ENTRE J0 ET J7)(SANG);;;1;;1;;;7;;1;04/04/2016
